INSERT INTO users(username,password,enabled)
VALUES ('admin','6029759c61d9ddaeefbd0f831d3e08fd107daef5e42ba5c33059c4cfe4e90c5edf407abab313d3f1', true);
INSERT INTO users(username,password,enabled)
VALUES ('user','6eed72034a0365aa0f839435eb57af6d51b52269de191127c197630b299e3e6d08b36279afec0351', true);
INSERT INTO user_roles (username, role)
VALUES ('admin', 'ROLE_USER');
INSERT INTO user_roles (username, role)
VALUES ('admin', 'ROLE_ADMIN');
INSERT INTO user_roles (username, role)
VALUES ('user', 'ROLE_ADMIN');

INSERT INTO categories (name) values ('white');
INSERT INTO categories (name) values ('blue');
INSERT INTO categories (name) values ('green');
INSERT INTO categories (name) values ('brown');
INSERT INTO categories (name) values ('guest');
INSERT INTO persons (id, firstName, midName, lastName, sex, isJew, givesTithe, categoryId, birthday, address, comment) values (1, 'Имя_1', 'Фамилия_1', 'Отчество_1', true, false, true, 2, '1990-09-01', 'Киев_1', 'None');
INSERT INTO persons (id, firstName, midName, lastName, sex, isJew, givesTithe, categoryId, birthday, address, comment) values (2, 'Имя_2', 'Фамилия_2', 'Отчество_2', true, true, false, 3, '1990-09-01', 'Киев_2', 'None');
INSERT INTO persons (id, firstName, midName, lastName, sex, isJew, givesTithe, categoryId, birthday, address, comment) values (3, 'Имя_3', 'Фамилия_3', 'Отчество_3', true, false, true, 4, '1990-09-01', 'Киев_3', 'None');
INSERT INTO persons (id, firstName, midName, lastName, sex, isJew, givesTithe, categoryId, birthday, address, comment) values (4, 'Имя_4', 'Фамилия_4', 'Отчество_4', true, true, false, 1, '1990-09-01', 'Киев_4', 'None');
INSERT INTO persons (id, firstName, midName, lastName, sex, isJew, givesTithe, categoryId, birthday, address, comment) values (5, 'Имя_5', 'Фамилия_5', 'Отчество_5', true, false, true, 2, '1990-09-01', 'Киев_5', 'None');
INSERT INTO persons (id, firstName, midName, lastName, sex, isJew, givesTithe, categoryId, birthday, address, comment) values (6, 'Имя_6', 'Фамилия_6', 'Отчество_6', true, true, false, 3, '1990-09-01', 'Киев_6', 'None');
INSERT INTO persons (id, firstName, midName, lastName, sex, isJew, givesTithe, categoryId, birthday, address, comment) values (7, 'Имя_7', 'Фамилия_7', 'Отчество_7', true, false, true, 4, '1990-09-01', 'Киев_7', 'None');
INSERT INTO persons (id, firstName, midName, lastName, sex, isJew, givesTithe, categoryId, birthday, address, comment) values (8, 'Имя_8', 'Фамилия_8', 'Отчество_8', true, true, false, 1, '1990-09-01', 'Киев_8', 'None');
INSERT INTO persons (id, firstName, midName, lastName, sex, isJew, givesTithe, categoryId, birthday, address, comment) values (9, 'Имя_9', 'Фамилия_9', 'Отчество_9', true, false, true, 2, '1990-09-01', 'Киев_9', 'None');
INSERT INTO persons (id, firstName, midName, lastName, sex, isJew, givesTithe, categoryId, birthday, address, comment) values (10, 'Имя_10', 'Фамилия_10', 'Отчество_10', true, true, false, 3, '1990-09-01', 'Киев_10', 'None');
INSERT INTO persons (id, firstName, midName, lastName, sex, isJew, givesTithe, categoryId, birthday, address, comment) values (11, 'Региональный_11', 'Фамилия_11', 'Отчество_11', true, false, true, 1, '1990-09-01', 'Киев_11', 'None');
INSERT INTO persons (id, firstName, midName, lastName, sex, isJew, givesTithe, categoryId, birthday, address, comment) values (12, 'Имя_12', 'Фамилия_12', 'Отчество_12', true, true, false, 1, '1990-09-01', 'Киев_12', 'None');
INSERT INTO persons (id, firstName, midName, lastName, sex, isJew, givesTithe, categoryId, birthday, address, comment) values (13, 'Имя_13', 'Фамилия_13', 'Отчество_13', true, false, true, 2, '1990-09-01', 'Киев_13', 'None');
INSERT INTO persons (id, firstName, midName, lastName, sex, isJew, givesTithe, categoryId, birthday, address, comment) values (14, 'Имя_14', 'Фамилия_14', 'Отчество_14', true, true, false, 3, '1990-09-01', 'Киев_14', 'None');
INSERT INTO persons (id, firstName, midName, lastName, sex, isJew, givesTithe, categoryId, birthday, address, comment) values (15, 'Имя_15', 'Фамилия_15', 'Отчество_15', true, false, true, 4, '1990-09-01', 'Киев_15', 'None');
INSERT INTO persons (id, firstName, midName, lastName, sex, isJew, givesTithe, categoryId, birthday, address, comment) values (16, 'Имя_16', 'Фамилия_16', 'Отчество_16', true, true, false, 1, '1990-09-01', 'Киев_16', 'None');
INSERT INTO persons (id, firstName, midName, lastName, sex, isJew, givesTithe, categoryId, birthday, address, comment) values (17, 'Имя_17', 'Фамилия_17', 'Отчество_17', true, false, true, 2, '1990-09-01', 'Киев_17', 'None');
INSERT INTO persons (id, firstName, midName, lastName, sex, isJew, givesTithe, categoryId, birthday, address, comment) values (18, 'Имя_18', 'Фамилия_18', 'Отчество_18', true, true, false, 3, '1990-09-01', 'Киев_18', 'None');
INSERT INTO persons (id, firstName, midName, lastName, sex, isJew, givesTithe, categoryId, birthday, address, comment) values (19, 'Имя_19', 'Фамилия_19', 'Отчество_19', true, false, true, 4, '1990-09-01', 'Киев_19', 'None');
INSERT INTO persons (id, firstName, midName, lastName, sex, isJew, givesTithe, categoryId, birthday, address, comment) values (20, 'Имя_20', 'Фамилия_20', 'Отчество_20', true, true, false, 1, '1990-09-01', 'Киев_20', 'None');
INSERT INTO persons (id, firstName, midName, lastName, sex, isJew, givesTithe, categoryId, birthday, address, comment) values (21, 'Имя_21', 'Фамилия_21', 'Отчество_21', true, false, true, 2, '1990-09-01', 'Киев_21', 'None');
INSERT INTO persons (id, firstName, midName, lastName, sex, isJew, givesTithe, categoryId, birthday, address, comment) values (22, 'Региональный_22', 'Фамилия_22', 'Отчество_22', true, true, true, 1, '1990-09-01', 'Киев_22', 'None');
INSERT INTO persons (id, firstName, midName, lastName, sex, isJew, givesTithe, categoryId, birthday, address, comment) values (23, 'Коленный_23', 'Фамилия_23', 'Отчество_23', true, false, true, 1, '1990-09-01', 'Киев_23', 'None');
INSERT INTO tribes (name) values ('Колено-1');
INSERT INTO regions (id, leaderId, tribeId) values (1, 11, 1);
INSERT INTO regions (id, leaderId, tribeId) values (2, 22, 1);
INSERT INTO groups (id, leaderId, regionId) values (1, 5, 1);
INSERT INTO groups (id, leaderId, regionId) values (2, 10, 1);
INSERT INTO groups (id, leaderId, regionId) values (3, 15, 2);
INSERT INTO groups (id, leaderId, regionId) values (4, 20, 2);
INSERT INTO groupMembers (personId, groupId) values(1, 1);
INSERT INTO groupMembers (personId, groupId) values(2, 1);
INSERT INTO groupMembers (personId, groupId) values(3, 1);
INSERT INTO groupMembers (personId, groupId) values(4, 1);
INSERT INTO groupMembers (personId, groupId) values(5, 1);
INSERT INTO groupMembers (personId, groupId) values(6, 2);
INSERT INTO groupMembers (personId, groupId) values(7, 2);
INSERT INTO groupMembers (personId, groupId) values(8, 2);
INSERT INTO groupMembers (personId, groupId) values(9, 2);
INSERT INTO groupMembers (personId, groupId) values(10, 2);
INSERT INTO groupMembers (personId, groupId) values(12, 3);
INSERT INTO groupMembers (personId, groupId) values(13, 3);
INSERT INTO groupMembers (personId, groupId) values(14, 3);
INSERT INTO groupMembers (personId, groupId) values(15, 3);
INSERT INTO groupMembers (personId, groupId) values(16, 3);
INSERT INTO groupMembers (personId, groupId) values(17, 4);
INSERT INTO groupMembers (personId, groupId) values(18, 4);
INSERT INTO groupMembers (personId, groupId) values(19, 4);
INSERT INTO groupMembers (personId, groupId) values(20, 4);
INSERT INTO groupMembers (personId, groupId) values(21, 4);
INSERT INTO emails (personId, email) values (1, 'Имя_1.a@gmail.com');
INSERT INTO emails (personId, email) values (1, 'Имя_1.b@gmail.com');
INSERT INTO emails (personId, email) values (2, 'Имя_2.a@gmail.com');
INSERT INTO emails (personId, email) values (2, 'Имя_2.b@gmail.com');
INSERT INTO emails (personId, email) values (3, 'Имя_3.a@gmail.com');
INSERT INTO emails (personId, email) values (3, 'Имя_3.b@gmail.com');
INSERT INTO emails (personId, email) values (4, 'Имя_4.a@gmail.com');
INSERT INTO emails (personId, email) values (4, 'Имя_4.b@gmail.com');
INSERT INTO emails (personId, email) values (5, 'Имя_5.a@gmail.com');
INSERT INTO emails (personId, email) values (5, 'Имя_5.b@gmail.com');
INSERT INTO emails (personId, email) values (6, 'Имя_6.a@gmail.com');
INSERT INTO emails (personId, email) values (6, 'Имя_6.b@gmail.com');
INSERT INTO emails (personId, email) values (7, 'Имя_7.a@gmail.com');
INSERT INTO emails (personId, email) values (7, 'Имя_7.b@gmail.com');
INSERT INTO emails (personId, email) values (8, 'Имя_8.a@gmail.com');
INSERT INTO emails (personId, email) values (8, 'Имя_8.b@gmail.com');
INSERT INTO emails (personId, email) values (9, 'Имя_9.a@gmail.com');
INSERT INTO emails (personId, email) values (9, 'Имя_9.b@gmail.com');
INSERT INTO emails (personId, email) values (10, 'Имя_10.a@gmail.com');
INSERT INTO emails (personId, email) values (10, 'Имя_10.b@gmail.com');
INSERT INTO emails (personId, email) values (11, 'Региональный_11.a@gmail.com');
INSERT INTO emails (personId, email) values (11, 'Региональный_11.b@gmail.com');
INSERT INTO emails (personId, email) values (12, 'Имя_12.a@gmail.com');
INSERT INTO emails (personId, email) values (12, 'Имя_12.b@gmail.com');
INSERT INTO emails (personId, email) values (13, 'Имя_13.a@gmail.com');
INSERT INTO emails (personId, email) values (13, 'Имя_13.b@gmail.com');
INSERT INTO emails (personId, email) values (14, 'Имя_14.a@gmail.com');
INSERT INTO emails (personId, email) values (14, 'Имя_14.b@gmail.com');
INSERT INTO emails (personId, email) values (15, 'Имя_15.a@gmail.com');
INSERT INTO emails (personId, email) values (15, 'Имя_15.b@gmail.com');
INSERT INTO emails (personId, email) values (16, 'Имя_16.a@gmail.com');
INSERT INTO emails (personId, email) values (16, 'Имя_16.b@gmail.com');
INSERT INTO emails (personId, email) values (17, 'Имя_17.a@gmail.com');
INSERT INTO emails (personId, email) values (17, 'Имя_17.b@gmail.com');
INSERT INTO emails (personId, email) values (18, 'Имя_18.a@gmail.com');
INSERT INTO emails (personId, email) values (18, 'Имя_18.b@gmail.com');
INSERT INTO emails (personId, email) values (19, 'Имя_19.a@gmail.com');
INSERT INTO emails (personId, email) values (19, 'Имя_19.b@gmail.com');
INSERT INTO emails (personId, email) values (20, 'Имя_20.a@gmail.com');
INSERT INTO emails (personId, email) values (20, 'Имя_20.b@gmail.com');
INSERT INTO emails (personId, email) values (21, 'Имя_21.a@gmail.com');
INSERT INTO emails (personId, email) values (21, 'Имя_21.b@gmail.com');
INSERT INTO emails (personId, email) values (22, 'Региональный_22.a@gmail.com');
INSERT INTO emails (personId, email) values (22, 'Региональный_22.b@gmail.com');
INSERT INTO emails (personId, email) values (23, 'Коленный_23.a@gmail.com');
INSERT INTO emails (personId, email) values (23, 'Коленный_23.b@gmail.com');
INSERT INTO phones (personId, phone) values (1, '063000001');
INSERT INTO phones (personId, phone) values (1, '067000001');
INSERT INTO phones (personId, phone) values (2, '063000002');
INSERT INTO phones (personId, phone) values (2, '067000002');
INSERT INTO phones (personId, phone) values (3, '063000003');
INSERT INTO phones (personId, phone) values (3, '067000003');
INSERT INTO phones (personId, phone) values (4, '063000004');
INSERT INTO phones (personId, phone) values (4, '067000004');
INSERT INTO phones (personId, phone) values (5, '063000005');
INSERT INTO phones (personId, phone) values (5, '067000005');
INSERT INTO phones (personId, phone) values (6, '063000006');
INSERT INTO phones (personId, phone) values (6, '067000006');
INSERT INTO phones (personId, phone) values (7, '063000007');
INSERT INTO phones (personId, phone) values (7, '067000007');
INSERT INTO phones (personId, phone) values (8, '063000008');
INSERT INTO phones (personId, phone) values (8, '067000008');
INSERT INTO phones (personId, phone) values (9, '063000009');
INSERT INTO phones (personId, phone) values (9, '067000009');
INSERT INTO phones (personId, phone) values (10, '0630000010');
INSERT INTO phones (personId, phone) values (10, '0670000010');
INSERT INTO phones (personId, phone) values (11, '0630000011');
INSERT INTO phones (personId, phone) values (11, '0670000011');
INSERT INTO phones (personId, phone) values (12, '0630000012');
INSERT INTO phones (personId, phone) values (12, '0670000012');
INSERT INTO phones (personId, phone) values (13, '0630000013');
INSERT INTO phones (personId, phone) values (13, '0670000013');
INSERT INTO phones (personId, phone) values (14, '0630000014');
INSERT INTO phones (personId, phone) values (14, '0670000014');
INSERT INTO phones (personId, phone) values (15, '0630000015');
INSERT INTO phones (personId, phone) values (15, '0670000015');
INSERT INTO phones (personId, phone) values (16, '0630000016');
INSERT INTO phones (personId, phone) values (16, '0670000016');
INSERT INTO phones (personId, phone) values (17, '0630000017');
INSERT INTO phones (personId, phone) values (17, '0670000017');
INSERT INTO phones (personId, phone) values (18, '0630000018');
INSERT INTO phones (personId, phone) values (18, '0670000018');
INSERT INTO phones (personId, phone) values (19, '0630000019');
INSERT INTO phones (personId, phone) values (19, '0670000019');
INSERT INTO phones (personId, phone) values (20, '0630000020');
INSERT INTO phones (personId, phone) values (20, '0670000020');
INSERT INTO phones (personId, phone) values (21, '0630000021');
INSERT INTO phones (personId, phone) values (21, '0670000021');
INSERT INTO phones (personId, phone) values (22, '0630000022');
INSERT INTO phones (personId, phone) values (22, '0670000022');
INSERT INTO phones (personId, phone) values (23, '0630000023');
INSERT INTO phones (personId, phone) values (23, '0670000023');
INSERT INTO eventTypes (type) values ('meeting');
INSERT INTO eventTypes (type) values ('visit');
INSERT INTO eventTypes (type) values ('call');
INSERT INTO eventTypes (type) values ('group');
INSERT INTO eventTypes (type) values ('club');
INSERT INTO eventTypes (type) values ('common');
INSERT INTO eventsTbl (personId, groupId, typeId, happened) values (1,1,1,'2015-12-01');
INSERT INTO eventsTbl (personId, groupId, typeId, happened) values (6,2,1,'2015-12-01');
INSERT INTO eventsTbl (personId, groupId, typeId, happened) values (12,3,1,'2015-12-01');
INSERT INTO eventsTbl (personId, groupId, typeId, happened) values (17,4,1,'2015-12-01');
INSERT INTO eventsTbl (personId, groupId, typeId, happened) values (2,1,2,'2015-12-02');
INSERT INTO eventsTbl (personId, groupId, typeId, happened) values (7,2,2,'2015-12-02');
INSERT INTO eventsTbl (personId, groupId, typeId, happened) values (13,3,2,'2015-12-02');
INSERT INTO eventsTbl (personId, groupId, typeId, happened) values (18,4,2,'2015-12-02');
INSERT INTO eventsTbl (personId, groupId, typeId, happened) values (1,1,3,'2015-12-03');
INSERT INTO eventsTbl (personId, groupId, typeId, happened) values (2,1,3,'2015-12-03');
INSERT INTO eventsTbl (personId, groupId, typeId, happened) values (3,1,3,'2015-12-03');
INSERT INTO eventsTbl (personId, groupId, typeId, happened) values (4,1,3,'2015-12-03');
INSERT INTO eventsTbl (personId, groupId, typeId, happened) values (6,2,3,'2015-12-03');
INSERT INTO eventsTbl (personId, groupId, typeId, happened) values (7,2,3,'2015-12-03');
INSERT INTO eventsTbl (personId, groupId, typeId, happened) values (8,2,3,'2015-12-03');
INSERT INTO eventsTbl (personId, groupId, typeId, happened) values (9,2,3,'2015-12-03');
INSERT INTO eventsTbl (personId, groupId, typeId, happened) values (12,3,3,'2015-12-03');
INSERT INTO eventsTbl (personId, groupId, typeId, happened) values (13,3,3,'2015-12-03');
INSERT INTO eventsTbl (personId, groupId, typeId, happened) values (14,3,3,'2015-12-03');
INSERT INTO eventsTbl (personId, groupId, typeId, happened) values (15,3,3,'2015-12-03');
INSERT INTO eventsTbl (personId, groupId, typeId, happened) values (17,4,3,'2015-12-03');
INSERT INTO eventsTbl (personId, groupId, typeId, happened) values (18,4,3,'2015-12-03');
INSERT INTO eventsTbl (personId, groupId, typeId, happened) values (19,4,3,'2015-12-03');
INSERT INTO eventsTbl (personId, groupId, typeId, happened) values (20,4,3,'2015-12-03');
INSERT INTO eventsTbl (personId, groupId, typeId, happened) values (3,1,4,'2015-12-04');
INSERT INTO eventsTbl (personId, groupId, typeId, happened) values (4,1,4,'2015-12-04');
INSERT INTO eventsTbl (personId, groupId, typeId, happened) values (5,1,4,'2015-12-04');
INSERT INTO eventsTbl (personId, groupId, typeId, happened) values (8,2,4,'2015-12-04');
INSERT INTO eventsTbl (personId, groupId, typeId, happened) values (9,2,4,'2015-12-04');
INSERT INTO eventsTbl (personId, groupId, typeId, happened) values (10,2,4,'2015-12-04');
INSERT INTO eventsTbl (personId, groupId, typeId, happened) values (14,3,4,'2015-12-04');
INSERT INTO eventsTbl (personId, groupId, typeId, happened) values (15,3,4,'2015-12-04');
INSERT INTO eventsTbl (personId, groupId, typeId, happened) values (16,3,4,'2015-12-04');
INSERT INTO eventsTbl (personId, groupId, typeId, happened) values (19,4,4,'2015-12-04');
INSERT INTO eventsTbl (personId, groupId, typeId, happened) values (20,4,4,'2015-12-04');
INSERT INTO eventsTbl (personId, groupId, typeId, happened) values (21,4,4,'2015-12-04');
INSERT INTO eventsTbl (personId, groupId, typeId, happened) values (1,1,5,'2015-12-05');
INSERT INTO eventsTbl (personId, groupId, typeId, happened) values (2,1,5,'2015-12-05');
INSERT INTO eventsTbl (personId, groupId, typeId, happened) values (6,2,5,'2015-12-05');
INSERT INTO eventsTbl (personId, groupId, typeId, happened) values (7,2,5,'2015-12-05');
INSERT INTO eventsTbl (personId, groupId, typeId, happened) values (12,3,5,'2015-12-05');
INSERT INTO eventsTbl (personId, groupId, typeId, happened) values (13,3,5,'2015-12-05');
INSERT INTO eventsTbl (personId, groupId, typeId, happened) values (17,4,5,'2015-12-05');
INSERT INTO eventsTbl (personId, groupId, typeId, happened) values (18,4,5,'2015-12-05');
INSERT INTO eventsTbl (personId, groupId, typeId, happened) values (1,1,1,'2015-12-08');
INSERT INTO eventsTbl (personId, groupId, typeId, happened) values (6,2,1,'2015-12-08');
INSERT INTO eventsTbl (personId, groupId, typeId, happened) values (12,3,1,'2015-12-08');
INSERT INTO eventsTbl (personId, groupId, typeId, happened) values (17,4,1,'2015-12-08');
INSERT INTO eventsTbl (personId, groupId, typeId, happened) values (2,1,2,'2015-12-09');
INSERT INTO eventsTbl (personId, groupId, typeId, happened) values (7,2,2,'2015-12-09');
INSERT INTO eventsTbl (personId, groupId, typeId, happened) values (13,3,2,'2015-12-09');
INSERT INTO eventsTbl (personId, groupId, typeId, happened) values (18,4,2,'2015-12-09');
INSERT INTO eventsTbl (personId, groupId, typeId, happened) values (1,1,3,'2015-12-10');
INSERT INTO eventsTbl (personId, groupId, typeId, happened) values (2,1,3,'2015-12-10');
INSERT INTO eventsTbl (personId, groupId, typeId, happened) values (3,1,3,'2015-12-10');
INSERT INTO eventsTbl (personId, groupId, typeId, happened) values (4,1,3,'2015-12-10');
INSERT INTO eventsTbl (personId, groupId, typeId, happened) values (6,2,3,'2015-12-10');
INSERT INTO eventsTbl (personId, groupId, typeId, happened) values (7,2,3,'2015-12-10');
INSERT INTO eventsTbl (personId, groupId, typeId, happened) values (8,2,3,'2015-12-10');
INSERT INTO eventsTbl (personId, groupId, typeId, happened) values (9,2,3,'2015-12-10');
INSERT INTO eventsTbl (personId, groupId, typeId, happened) values (12,3,3,'2015-12-10');
INSERT INTO eventsTbl (personId, groupId, typeId, happened) values (13,3,3,'2015-12-10');
INSERT INTO eventsTbl (personId, groupId, typeId, happened) values (14,3,3,'2015-12-10');
INSERT INTO eventsTbl (personId, groupId, typeId, happened) values (15,3,3,'2015-12-10');
INSERT INTO eventsTbl (personId, groupId, typeId, happened) values (17,4,3,'2015-12-10');
INSERT INTO eventsTbl (personId, groupId, typeId, happened) values (18,4,3,'2015-12-10');
INSERT INTO eventsTbl (personId, groupId, typeId, happened) values (19,4,3,'2015-12-10');
INSERT INTO eventsTbl (personId, groupId, typeId, happened) values (20,4,3,'2015-12-10');
INSERT INTO eventsTbl (personId, groupId, typeId, happened) values (3,1,4,'2015-12-11');
INSERT INTO eventsTbl (personId, groupId, typeId, happened) values (4,1,4,'2015-12-11');
INSERT INTO eventsTbl (personId, groupId, typeId, happened) values (5,1,4,'2015-12-11');
INSERT INTO eventsTbl (personId, groupId, typeId, happened) values (8,2,4,'2015-12-11');
INSERT INTO eventsTbl (personId, groupId, typeId, happened) values (9,2,4,'2015-12-11');
INSERT INTO eventsTbl (personId, groupId, typeId, happened) values (10,2,4,'2015-12-11');
INSERT INTO eventsTbl (personId, groupId, typeId, happened) values (14,3,4,'2015-12-11');
INSERT INTO eventsTbl (personId, groupId, typeId, happened) values (15,3,4,'2015-12-11');
INSERT INTO eventsTbl (personId, groupId, typeId, happened) values (16,3,4,'2015-12-11');
INSERT INTO eventsTbl (personId, groupId, typeId, happened) values (19,4,4,'2015-12-11');
INSERT INTO eventsTbl (personId, groupId, typeId, happened) values (20,4,4,'2015-12-11');
INSERT INTO eventsTbl (personId, groupId, typeId, happened) values (21,4,4,'2015-12-11');
INSERT INTO eventsTbl (personId, groupId, typeId, happened) values (1,1,5,'2015-12-12');
INSERT INTO eventsTbl (personId, groupId, typeId, happened) values (2,1,5,'2015-12-12');
INSERT INTO eventsTbl (personId, groupId, typeId, happened) values (6,2,5,'2015-12-12');
INSERT INTO eventsTbl (personId, groupId, typeId, happened) values (7,2,5,'2015-12-12');
INSERT INTO eventsTbl (personId, groupId, typeId, happened) values (12,3,5,'2015-12-12');
INSERT INTO eventsTbl (personId, groupId, typeId, happened) values (13,3,5,'2015-12-12');
INSERT INTO eventsTbl (personId, groupId, typeId, happened) values (17,4,5,'2015-12-12');
INSERT INTO eventsTbl (personId, groupId, typeId, happened) values (18,4,5,'2015-12-12');
INSERT INTO eventsTbl (personId, groupId, typeId, happened) values (1,1,1,'2015-12-15');
INSERT INTO eventsTbl (personId, groupId, typeId, happened) values (6,2,1,'2015-12-15');
INSERT INTO eventsTbl (personId, groupId, typeId, happened) values (12,3,1,'2015-12-15');
INSERT INTO eventsTbl (personId, groupId, typeId, happened) values (17,4,1,'2015-12-15');
INSERT INTO eventsTbl (personId, groupId, typeId, happened) values (2,1,2,'2015-12-16');
INSERT INTO eventsTbl (personId, groupId, typeId, happened) values (7,2,2,'2015-12-16');
INSERT INTO eventsTbl (personId, groupId, typeId, happened) values (13,3,2,'2015-12-16');
INSERT INTO eventsTbl (personId, groupId, typeId, happened) values (18,4,2,'2015-12-16');
INSERT INTO eventsTbl (personId, groupId, typeId, happened) values (1,1,3,'2015-12-17');
INSERT INTO eventsTbl (personId, groupId, typeId, happened) values (2,1,3,'2015-12-17');
INSERT INTO eventsTbl (personId, groupId, typeId, happened) values (3,1,3,'2015-12-17');
INSERT INTO eventsTbl (personId, groupId, typeId, happened) values (4,1,3,'2015-12-17');
INSERT INTO eventsTbl (personId, groupId, typeId, happened) values (6,2,3,'2015-12-17');
INSERT INTO eventsTbl (personId, groupId, typeId, happened) values (7,2,3,'2015-12-17');
INSERT INTO eventsTbl (personId, groupId, typeId, happened) values (8,2,3,'2015-12-17');
INSERT INTO eventsTbl (personId, groupId, typeId, happened) values (9,2,3,'2015-12-17');
INSERT INTO eventsTbl (personId, groupId, typeId, happened) values (12,3,3,'2015-12-17');
INSERT INTO eventsTbl (personId, groupId, typeId, happened) values (13,3,3,'2015-12-17');
INSERT INTO eventsTbl (personId, groupId, typeId, happened) values (14,3,3,'2015-12-17');
INSERT INTO eventsTbl (personId, groupId, typeId, happened) values (15,3,3,'2015-12-17');
INSERT INTO eventsTbl (personId, groupId, typeId, happened) values (17,4,3,'2015-12-17');
INSERT INTO eventsTbl (personId, groupId, typeId, happened) values (18,4,3,'2015-12-17');
INSERT INTO eventsTbl (personId, groupId, typeId, happened) values (19,4,3,'2015-12-17');
INSERT INTO eventsTbl (personId, groupId, typeId, happened) values (20,4,3,'2015-12-17');
INSERT INTO eventsTbl (personId, groupId, typeId, happened) values (3,1,4,'2015-12-18');
INSERT INTO eventsTbl (personId, groupId, typeId, happened) values (4,1,4,'2015-12-18');
INSERT INTO eventsTbl (personId, groupId, typeId, happened) values (5,1,4,'2015-12-18');
INSERT INTO eventsTbl (personId, groupId, typeId, happened) values (8,2,4,'2015-12-18');
INSERT INTO eventsTbl (personId, groupId, typeId, happened) values (9,2,4,'2015-12-18');
INSERT INTO eventsTbl (personId, groupId, typeId, happened) values (10,2,4,'2015-12-18');
INSERT INTO eventsTbl (personId, groupId, typeId, happened) values (14,3,4,'2015-12-18');
INSERT INTO eventsTbl (personId, groupId, typeId, happened) values (15,3,4,'2015-12-18');
INSERT INTO eventsTbl (personId, groupId, typeId, happened) values (16,3,4,'2015-12-18');
INSERT INTO eventsTbl (personId, groupId, typeId, happened) values (19,4,4,'2015-12-18');
INSERT INTO eventsTbl (personId, groupId, typeId, happened) values (20,4,4,'2015-12-18');
INSERT INTO eventsTbl (personId, groupId, typeId, happened) values (21,4,4,'2015-12-18');
INSERT INTO eventsTbl (personId, groupId, typeId, happened) values (1,1,5,'2015-12-19');
INSERT INTO eventsTbl (personId, groupId, typeId, happened) values (2,1,5,'2015-12-19');
INSERT INTO eventsTbl (personId, groupId, typeId, happened) values (6,2,5,'2015-12-19');
INSERT INTO eventsTbl (personId, groupId, typeId, happened) values (7,2,5,'2015-12-19');
INSERT INTO eventsTbl (personId, groupId, typeId, happened) values (12,3,5,'2015-12-19');
INSERT INTO eventsTbl (personId, groupId, typeId, happened) values (13,3,5,'2015-12-19');
INSERT INTO eventsTbl (personId, groupId, typeId, happened) values (17,4,5,'2015-12-19');
INSERT INTO eventsTbl (personId, groupId, typeId, happened) values (18,4,5,'2015-12-19');
INSERT INTO eventsTbl (personId, groupId, typeId, happened) values (1,1,1,'2015-12-22');
INSERT INTO eventsTbl (personId, groupId, typeId, happened) values (6,2,1,'2015-12-22');
INSERT INTO eventsTbl (personId, groupId, typeId, happened) values (12,3,1,'2015-12-22');
INSERT INTO eventsTbl (personId, groupId, typeId, happened) values (17,4,1,'2015-12-22');
INSERT INTO eventsTbl (personId, groupId, typeId, happened) values (2,1,2,'2015-12-23');
INSERT INTO eventsTbl (personId, groupId, typeId, happened) values (7,2,2,'2015-12-23');
INSERT INTO eventsTbl (personId, groupId, typeId, happened) values (13,3,2,'2015-12-23');
INSERT INTO eventsTbl (personId, groupId, typeId, happened) values (18,4,2,'2015-12-23');
INSERT INTO eventsTbl (personId, groupId, typeId, happened) values (1,1,3,'2015-12-24');
INSERT INTO eventsTbl (personId, groupId, typeId, happened) values (2,1,3,'2015-12-24');
INSERT INTO eventsTbl (personId, groupId, typeId, happened) values (3,1,3,'2015-12-24');
INSERT INTO eventsTbl (personId, groupId, typeId, happened) values (4,1,3,'2015-12-24');
INSERT INTO eventsTbl (personId, groupId, typeId, happened) values (6,2,3,'2015-12-24');
INSERT INTO eventsTbl (personId, groupId, typeId, happened) values (7,2,3,'2015-12-24');
INSERT INTO eventsTbl (personId, groupId, typeId, happened) values (8,2,3,'2015-12-24');
INSERT INTO eventsTbl (personId, groupId, typeId, happened) values (9,2,3,'2015-12-24');
INSERT INTO eventsTbl (personId, groupId, typeId, happened) values (12,3,3,'2015-12-24');
INSERT INTO eventsTbl (personId, groupId, typeId, happened) values (13,3,3,'2015-12-24');
INSERT INTO eventsTbl (personId, groupId, typeId, happened) values (14,3,3,'2015-12-24');
INSERT INTO eventsTbl (personId, groupId, typeId, happened) values (15,3,3,'2015-12-24');
INSERT INTO eventsTbl (personId, groupId, typeId, happened) values (17,4,3,'2015-12-24');
INSERT INTO eventsTbl (personId, groupId, typeId, happened) values (18,4,3,'2015-12-24');
INSERT INTO eventsTbl (personId, groupId, typeId, happened) values (19,4,3,'2015-12-24');
INSERT INTO eventsTbl (personId, groupId, typeId, happened) values (20,4,3,'2015-12-24');
INSERT INTO eventsTbl (personId, groupId, typeId, happened) values (3,1,4,'2015-12-25');
INSERT INTO eventsTbl (personId, groupId, typeId, happened) values (4,1,4,'2015-12-25');
INSERT INTO eventsTbl (personId, groupId, typeId, happened) values (5,1,4,'2015-12-25');
INSERT INTO eventsTbl (personId, groupId, typeId, happened) values (8,2,4,'2015-12-25');
INSERT INTO eventsTbl (personId, groupId, typeId, happened) values (9,2,4,'2015-12-25');
INSERT INTO eventsTbl (personId, groupId, typeId, happened) values (10,2,4,'2015-12-25');
INSERT INTO eventsTbl (personId, groupId, typeId, happened) values (14,3,4,'2015-12-25');
INSERT INTO eventsTbl (personId, groupId, typeId, happened) values (15,3,4,'2015-12-25');
INSERT INTO eventsTbl (personId, groupId, typeId, happened) values (16,3,4,'2015-12-25');
INSERT INTO eventsTbl (personId, groupId, typeId, happened) values (19,4,4,'2015-12-25');
INSERT INTO eventsTbl (personId, groupId, typeId, happened) values (20,4,4,'2015-12-25');
INSERT INTO eventsTbl (personId, groupId, typeId, happened) values (21,4,4,'2015-12-25');
INSERT INTO eventsTbl (personId, groupId, typeId, happened) values (1,1,5,'2015-12-26');
INSERT INTO eventsTbl (personId, groupId, typeId, happened) values (2,1,5,'2015-12-26');
INSERT INTO eventsTbl (personId, groupId, typeId, happened) values (6,2,5,'2015-12-26');
INSERT INTO eventsTbl (personId, groupId, typeId, happened) values (7,2,5,'2015-12-26');
INSERT INTO eventsTbl (personId, groupId, typeId, happened) values (12,3,5,'2015-12-26');
INSERT INTO eventsTbl (personId, groupId, typeId, happened) values (13,3,5,'2015-12-26');
INSERT INTO eventsTbl (personId, groupId, typeId, happened) values (17,4,5,'2015-12-26');
INSERT INTO eventsTbl (personId, groupId, typeId, happened) values (18,4,5,'2015-12-26');
INSERT INTO eventsTbl (personId, groupId, typeId, happened) values (1,1,1,'2015-12-29');
INSERT INTO eventsTbl (personId, groupId, typeId, happened) values (6,2,1,'2015-12-29');
INSERT INTO eventsTbl (personId, groupId, typeId, happened) values (12,3,1,'2015-12-29');
INSERT INTO eventsTbl (personId, groupId, typeId, happened) values (17,4,1,'2015-12-29');
INSERT INTO eventsTbl (personId, groupId, typeId, happened) values (2,1,2,'2015-12-30');
INSERT INTO eventsTbl (personId, groupId, typeId, happened) values (7,2,2,'2015-12-30');
INSERT INTO eventsTbl (personId, groupId, typeId, happened) values (13,3,2,'2015-12-30');
INSERT INTO eventsTbl (personId, groupId, typeId, happened) values (18,4,2,'2015-12-30');
INSERT INTO eventsTbl (personId, groupId, typeId, happened) values (1,1,3,'2015-12-31');
INSERT INTO eventsTbl (personId, groupId, typeId, happened) values (2,1,3,'2015-12-31');
INSERT INTO eventsTbl (personId, groupId, typeId, happened) values (3,1,3,'2015-12-31');
INSERT INTO eventsTbl (personId, groupId, typeId, happened) values (4,1,3,'2015-12-31');
INSERT INTO eventsTbl (personId, groupId, typeId, happened) values (6,2,3,'2015-12-31');
INSERT INTO eventsTbl (personId, groupId, typeId, happened) values (7,2,3,'2015-12-31');
INSERT INTO eventsTbl (personId, groupId, typeId, happened) values (8,2,3,'2015-12-31');
INSERT INTO eventsTbl (personId, groupId, typeId, happened) values (9,2,3,'2015-12-31');
INSERT INTO eventsTbl (personId, groupId, typeId, happened) values (12,3,3,'2015-12-31');
INSERT INTO eventsTbl (personId, groupId, typeId, happened) values (13,3,3,'2015-12-31');
INSERT INTO eventsTbl (personId, groupId, typeId, happened) values (14,3,3,'2015-12-31');
INSERT INTO eventsTbl (personId, groupId, typeId, happened) values (15,3,3,'2015-12-31');
INSERT INTO eventsTbl (personId, groupId, typeId, happened) values (17,4,3,'2015-12-31');
INSERT INTO eventsTbl (personId, groupId, typeId, happened) values (18,4,3,'2015-12-31');
INSERT INTO eventsTbl (personId, groupId, typeId, happened) values (19,4,3,'2015-12-31');
INSERT INTO eventsTbl (personId, groupId, typeId, happened) values (20,4,3,'2015-12-31');
INSERT INTO eventsTbl (personId, groupId, typeId, happened) values (3,1,4,'2016-01-01');
INSERT INTO eventsTbl (personId, groupId, typeId, happened) values (4,1,4,'2016-01-01');
INSERT INTO eventsTbl (personId, groupId, typeId, happened) values (5,1,4,'2016-01-01');
INSERT INTO eventsTbl (personId, groupId, typeId, happened) values (8,2,4,'2016-01-01');
INSERT INTO eventsTbl (personId, groupId, typeId, happened) values (9,2,4,'2016-01-01');
INSERT INTO eventsTbl (personId, groupId, typeId, happened) values (10,2,4,'2016-01-01');
INSERT INTO eventsTbl (personId, groupId, typeId, happened) values (14,3,4,'2016-01-01');
INSERT INTO eventsTbl (personId, groupId, typeId, happened) values (15,3,4,'2016-01-01');
INSERT INTO eventsTbl (personId, groupId, typeId, happened) values (16,3,4,'2016-01-01');
INSERT INTO eventsTbl (personId, groupId, typeId, happened) values (19,4,4,'2016-01-01');
INSERT INTO eventsTbl (personId, groupId, typeId, happened) values (20,4,4,'2016-01-01');
INSERT INTO eventsTbl (personId, groupId, typeId, happened) values (21,4,4,'2016-01-01');
INSERT INTO eventsTbl (personId, groupId, typeId, happened) values (1,1,5,'2016-01-02');
INSERT INTO eventsTbl (personId, groupId, typeId, happened) values (2,1,5,'2016-01-02');
INSERT INTO eventsTbl (personId, groupId, typeId, happened) values (6,2,5,'2016-01-02');
INSERT INTO eventsTbl (personId, groupId, typeId, happened) values (7,2,5,'2016-01-02');
INSERT INTO eventsTbl (personId, groupId, typeId, happened) values (12,3,5,'2016-01-02');
INSERT INTO eventsTbl (personId, groupId, typeId, happened) values (13,3,5,'2016-01-02');
INSERT INTO eventsTbl (personId, groupId, typeId, happened) values (17,4,5,'2016-01-02');
INSERT INTO eventsTbl (personId, groupId, typeId, happened) values (18,4,5,'2016-01-02');
INSERT INTO eventsTbl (personId, groupId, typeId, happened) values (1,1,1,'2016-01-05');
INSERT INTO eventsTbl (personId, groupId, typeId, happened) values (6,2,1,'2016-01-05');
INSERT INTO eventsTbl (personId, groupId, typeId, happened) values (12,3,1,'2016-01-05');
INSERT INTO eventsTbl (personId, groupId, typeId, happened) values (17,4,1,'2016-01-05');
INSERT INTO eventsTbl (personId, groupId, typeId, happened) values (2,1,2,'2016-01-06');
INSERT INTO eventsTbl (personId, groupId, typeId, happened) values (7,2,2,'2016-01-06');
INSERT INTO eventsTbl (personId, groupId, typeId, happened) values (13,3,2,'2016-01-06');
INSERT INTO eventsTbl (personId, groupId, typeId, happened) values (18,4,2,'2016-01-06');
INSERT INTO eventsTbl (personId, groupId, typeId, happened) values (1,1,3,'2016-01-07');
INSERT INTO eventsTbl (personId, groupId, typeId, happened) values (2,1,3,'2016-01-07');
INSERT INTO eventsTbl (personId, groupId, typeId, happened) values (3,1,3,'2016-01-07');
INSERT INTO eventsTbl (personId, groupId, typeId, happened) values (4,1,3,'2016-01-07');
INSERT INTO eventsTbl (personId, groupId, typeId, happened) values (6,2,3,'2016-01-07');
INSERT INTO eventsTbl (personId, groupId, typeId, happened) values (7,2,3,'2016-01-07');
INSERT INTO eventsTbl (personId, groupId, typeId, happened) values (8,2,3,'2016-01-07');
INSERT INTO eventsTbl (personId, groupId, typeId, happened) values (9,2,3,'2016-01-07');
INSERT INTO eventsTbl (personId, groupId, typeId, happened) values (12,3,3,'2016-01-07');
INSERT INTO eventsTbl (personId, groupId, typeId, happened) values (13,3,3,'2016-01-07');
INSERT INTO eventsTbl (personId, groupId, typeId, happened) values (14,3,3,'2016-01-07');
INSERT INTO eventsTbl (personId, groupId, typeId, happened) values (15,3,3,'2016-01-07');
INSERT INTO eventsTbl (personId, groupId, typeId, happened) values (17,4,3,'2016-01-07');
INSERT INTO eventsTbl (personId, groupId, typeId, happened) values (18,4,3,'2016-01-07');
INSERT INTO eventsTbl (personId, groupId, typeId, happened) values (19,4,3,'2016-01-07');
INSERT INTO eventsTbl (personId, groupId, typeId, happened) values (20,4,3,'2016-01-07');
INSERT INTO eventsTbl (personId, groupId, typeId, happened) values (3,1,4,'2016-01-08');
INSERT INTO eventsTbl (personId, groupId, typeId, happened) values (4,1,4,'2016-01-08');
INSERT INTO eventsTbl (personId, groupId, typeId, happened) values (5,1,4,'2016-01-08');
INSERT INTO eventsTbl (personId, groupId, typeId, happened) values (8,2,4,'2016-01-08');
INSERT INTO eventsTbl (personId, groupId, typeId, happened) values (9,2,4,'2016-01-08');
INSERT INTO eventsTbl (personId, groupId, typeId, happened) values (10,2,4,'2016-01-08');
INSERT INTO eventsTbl (personId, groupId, typeId, happened) values (14,3,4,'2016-01-08');
INSERT INTO eventsTbl (personId, groupId, typeId, happened) values (15,3,4,'2016-01-08');
INSERT INTO eventsTbl (personId, groupId, typeId, happened) values (16,3,4,'2016-01-08');
INSERT INTO eventsTbl (personId, groupId, typeId, happened) values (19,4,4,'2016-01-08');
INSERT INTO eventsTbl (personId, groupId, typeId, happened) values (20,4,4,'2016-01-08');
INSERT INTO eventsTbl (personId, groupId, typeId, happened) values (21,4,4,'2016-01-08');
INSERT INTO eventsTbl (personId, groupId, typeId, happened) values (1,1,5,'2016-01-09');
INSERT INTO eventsTbl (personId, groupId, typeId, happened) values (2,1,5,'2016-01-09');
INSERT INTO eventsTbl (personId, groupId, typeId, happened) values (6,2,5,'2016-01-09');
INSERT INTO eventsTbl (personId, groupId, typeId, happened) values (7,2,5,'2016-01-09');
INSERT INTO eventsTbl (personId, groupId, typeId, happened) values (12,3,5,'2016-01-09');
INSERT INTO eventsTbl (personId, groupId, typeId, happened) values (13,3,5,'2016-01-09');
INSERT INTO eventsTbl (personId, groupId, typeId, happened) values (17,4,5,'2016-01-09');
INSERT INTO eventsTbl (personId, groupId, typeId, happened) values (18,4,5,'2016-01-09');
INSERT INTO eventsTbl (personId, groupId, typeId, happened) values (1,1,1,'2016-01-12');
INSERT INTO eventsTbl (personId, groupId, typeId, happened) values (6,2,1,'2016-01-12');
INSERT INTO eventsTbl (personId, groupId, typeId, happened) values (12,3,1,'2016-01-12');
INSERT INTO eventsTbl (personId, groupId, typeId, happened) values (17,4,1,'2016-01-12');
INSERT INTO eventsTbl (personId, groupId, typeId, happened) values (2,1,2,'2016-01-13');
INSERT INTO eventsTbl (personId, groupId, typeId, happened) values (7,2,2,'2016-01-13');
INSERT INTO eventsTbl (personId, groupId, typeId, happened) values (13,3,2,'2016-01-13');
INSERT INTO eventsTbl (personId, groupId, typeId, happened) values (18,4,2,'2016-01-13');
INSERT INTO eventsTbl (personId, groupId, typeId, happened) values (1,1,3,'2016-01-14');
INSERT INTO eventsTbl (personId, groupId, typeId, happened) values (2,1,3,'2016-01-14');
INSERT INTO eventsTbl (personId, groupId, typeId, happened) values (3,1,3,'2016-01-14');
INSERT INTO eventsTbl (personId, groupId, typeId, happened) values (4,1,3,'2016-01-14');
INSERT INTO eventsTbl (personId, groupId, typeId, happened) values (6,2,3,'2016-01-14');
INSERT INTO eventsTbl (personId, groupId, typeId, happened) values (7,2,3,'2016-01-14');
INSERT INTO eventsTbl (personId, groupId, typeId, happened) values (8,2,3,'2016-01-14');
INSERT INTO eventsTbl (personId, groupId, typeId, happened) values (9,2,3,'2016-01-14');
INSERT INTO eventsTbl (personId, groupId, typeId, happened) values (12,3,3,'2016-01-14');
INSERT INTO eventsTbl (personId, groupId, typeId, happened) values (13,3,3,'2016-01-14');
INSERT INTO eventsTbl (personId, groupId, typeId, happened) values (14,3,3,'2016-01-14');
INSERT INTO eventsTbl (personId, groupId, typeId, happened) values (15,3,3,'2016-01-14');
INSERT INTO eventsTbl (personId, groupId, typeId, happened) values (17,4,3,'2016-01-14');
INSERT INTO eventsTbl (personId, groupId, typeId, happened) values (18,4,3,'2016-01-14');
INSERT INTO eventsTbl (personId, groupId, typeId, happened) values (19,4,3,'2016-01-14');
INSERT INTO eventsTbl (personId, groupId, typeId, happened) values (20,4,3,'2016-01-14');
INSERT INTO eventsTbl (personId, groupId, typeId, happened) values (3,1,4,'2016-01-15');
INSERT INTO eventsTbl (personId, groupId, typeId, happened) values (4,1,4,'2016-01-15');
INSERT INTO eventsTbl (personId, groupId, typeId, happened) values (5,1,4,'2016-01-15');
INSERT INTO eventsTbl (personId, groupId, typeId, happened) values (8,2,4,'2016-01-15');
INSERT INTO eventsTbl (personId, groupId, typeId, happened) values (9,2,4,'2016-01-15');
INSERT INTO eventsTbl (personId, groupId, typeId, happened) values (10,2,4,'2016-01-15');
INSERT INTO eventsTbl (personId, groupId, typeId, happened) values (14,3,4,'2016-01-15');
INSERT INTO eventsTbl (personId, groupId, typeId, happened) values (15,3,4,'2016-01-15');
INSERT INTO eventsTbl (personId, groupId, typeId, happened) values (16,3,4,'2016-01-15');
INSERT INTO eventsTbl (personId, groupId, typeId, happened) values (19,4,4,'2016-01-15');
INSERT INTO eventsTbl (personId, groupId, typeId, happened) values (20,4,4,'2016-01-15');
INSERT INTO eventsTbl (personId, groupId, typeId, happened) values (21,4,4,'2016-01-15');
INSERT INTO eventsTbl (personId, groupId, typeId, happened) values (1,1,5,'2016-01-16');
INSERT INTO eventsTbl (personId, groupId, typeId, happened) values (2,1,5,'2016-01-16');
INSERT INTO eventsTbl (personId, groupId, typeId, happened) values (6,2,5,'2016-01-16');
INSERT INTO eventsTbl (personId, groupId, typeId, happened) values (7,2,5,'2016-01-16');
INSERT INTO eventsTbl (personId, groupId, typeId, happened) values (12,3,5,'2016-01-16');
INSERT INTO eventsTbl (personId, groupId, typeId, happened) values (13,3,5,'2016-01-16');
INSERT INTO eventsTbl (personId, groupId, typeId, happened) values (17,4,5,'2016-01-16');
INSERT INTO eventsTbl (personId, groupId, typeId, happened) values (18,4,5,'2016-01-16');
INSERT INTO eventsTbl (personId, groupId, typeId, happened) values (1,1,1,'2016-01-19');
INSERT INTO eventsTbl (personId, groupId, typeId, happened) values (6,2,1,'2016-01-19');
INSERT INTO eventsTbl (personId, groupId, typeId, happened) values (12,3,1,'2016-01-19');
INSERT INTO eventsTbl (personId, groupId, typeId, happened) values (17,4,1,'2016-01-19');
INSERT INTO eventsTbl (personId, groupId, typeId, happened) values (2,1,2,'2016-01-20');
INSERT INTO eventsTbl (personId, groupId, typeId, happened) values (7,2,2,'2016-01-20');
INSERT INTO eventsTbl (personId, groupId, typeId, happened) values (13,3,2,'2016-01-20');
INSERT INTO eventsTbl (personId, groupId, typeId, happened) values (18,4,2,'2016-01-20');
INSERT INTO eventsTbl (personId, groupId, typeId, happened) values (1,1,3,'2016-01-21');
INSERT INTO eventsTbl (personId, groupId, typeId, happened) values (2,1,3,'2016-01-21');
INSERT INTO eventsTbl (personId, groupId, typeId, happened) values (3,1,3,'2016-01-21');
INSERT INTO eventsTbl (personId, groupId, typeId, happened) values (4,1,3,'2016-01-21');
INSERT INTO eventsTbl (personId, groupId, typeId, happened) values (6,2,3,'2016-01-21');
INSERT INTO eventsTbl (personId, groupId, typeId, happened) values (7,2,3,'2016-01-21');
INSERT INTO eventsTbl (personId, groupId, typeId, happened) values (8,2,3,'2016-01-21');
INSERT INTO eventsTbl (personId, groupId, typeId, happened) values (9,2,3,'2016-01-21');
INSERT INTO eventsTbl (personId, groupId, typeId, happened) values (12,3,3,'2016-01-21');
INSERT INTO eventsTbl (personId, groupId, typeId, happened) values (13,3,3,'2016-01-21');
INSERT INTO eventsTbl (personId, groupId, typeId, happened) values (14,3,3,'2016-01-21');
INSERT INTO eventsTbl (personId, groupId, typeId, happened) values (15,3,3,'2016-01-21');
INSERT INTO eventsTbl (personId, groupId, typeId, happened) values (17,4,3,'2016-01-21');
INSERT INTO eventsTbl (personId, groupId, typeId, happened) values (18,4,3,'2016-01-21');
INSERT INTO eventsTbl (personId, groupId, typeId, happened) values (19,4,3,'2016-01-21');
INSERT INTO eventsTbl (personId, groupId, typeId, happened) values (20,4,3,'2016-01-21');
INSERT INTO eventsTbl (personId, groupId, typeId, happened) values (3,1,4,'2016-01-22');
INSERT INTO eventsTbl (personId, groupId, typeId, happened) values (4,1,4,'2016-01-22');
INSERT INTO eventsTbl (personId, groupId, typeId, happened) values (5,1,4,'2016-01-22');
INSERT INTO eventsTbl (personId, groupId, typeId, happened) values (8,2,4,'2016-01-22');
INSERT INTO eventsTbl (personId, groupId, typeId, happened) values (9,2,4,'2016-01-22');
INSERT INTO eventsTbl (personId, groupId, typeId, happened) values (10,2,4,'2016-01-22');
INSERT INTO eventsTbl (personId, groupId, typeId, happened) values (14,3,4,'2016-01-22');
INSERT INTO eventsTbl (personId, groupId, typeId, happened) values (15,3,4,'2016-01-22');
INSERT INTO eventsTbl (personId, groupId, typeId, happened) values (16,3,4,'2016-01-22');
INSERT INTO eventsTbl (personId, groupId, typeId, happened) values (19,4,4,'2016-01-22');
INSERT INTO eventsTbl (personId, groupId, typeId, happened) values (20,4,4,'2016-01-22');
INSERT INTO eventsTbl (personId, groupId, typeId, happened) values (21,4,4,'2016-01-22');
INSERT INTO eventsTbl (personId, groupId, typeId, happened) values (1,1,5,'2016-01-23');
INSERT INTO eventsTbl (personId, groupId, typeId, happened) values (2,1,5,'2016-01-23');
INSERT INTO eventsTbl (personId, groupId, typeId, happened) values (6,2,5,'2016-01-23');
INSERT INTO eventsTbl (personId, groupId, typeId, happened) values (7,2,5,'2016-01-23');
INSERT INTO eventsTbl (personId, groupId, typeId, happened) values (12,3,5,'2016-01-23');
INSERT INTO eventsTbl (personId, groupId, typeId, happened) values (13,3,5,'2016-01-23');
INSERT INTO eventsTbl (personId, groupId, typeId, happened) values (17,4,5,'2016-01-23');
INSERT INTO eventsTbl (personId, groupId, typeId, happened) values (18,4,5,'2016-01-23');
INSERT INTO eventsTbl (personId, groupId, typeId, happened) values (1,1,1,'2016-01-26');
INSERT INTO eventsTbl (personId, groupId, typeId, happened) values (6,2,1,'2016-01-26');
INSERT INTO eventsTbl (personId, groupId, typeId, happened) values (12,3,1,'2016-01-26');
INSERT INTO eventsTbl (personId, groupId, typeId, happened) values (17,4,1,'2016-01-26');
INSERT INTO eventsTbl (personId, groupId, typeId, happened) values (2,1,2,'2016-01-27');
INSERT INTO eventsTbl (personId, groupId, typeId, happened) values (7,2,2,'2016-01-27');
INSERT INTO eventsTbl (personId, groupId, typeId, happened) values (13,3,2,'2016-01-27');
INSERT INTO eventsTbl (personId, groupId, typeId, happened) values (18,4,2,'2016-01-27');
INSERT INTO eventsTbl (personId, groupId, typeId, happened) values (1,1,3,'2016-01-28');
INSERT INTO eventsTbl (personId, groupId, typeId, happened) values (2,1,3,'2016-01-28');
INSERT INTO eventsTbl (personId, groupId, typeId, happened) values (3,1,3,'2016-01-28');
INSERT INTO eventsTbl (personId, groupId, typeId, happened) values (4,1,3,'2016-01-28');
INSERT INTO eventsTbl (personId, groupId, typeId, happened) values (6,2,3,'2016-01-28');
INSERT INTO eventsTbl (personId, groupId, typeId, happened) values (7,2,3,'2016-01-28');
INSERT INTO eventsTbl (personId, groupId, typeId, happened) values (8,2,3,'2016-01-28');
INSERT INTO eventsTbl (personId, groupId, typeId, happened) values (9,2,3,'2016-01-28');
INSERT INTO eventsTbl (personId, groupId, typeId, happened) values (12,3,3,'2016-01-28');
INSERT INTO eventsTbl (personId, groupId, typeId, happened) values (13,3,3,'2016-01-28');
INSERT INTO eventsTbl (personId, groupId, typeId, happened) values (14,3,3,'2016-01-28');
INSERT INTO eventsTbl (personId, groupId, typeId, happened) values (15,3,3,'2016-01-28');
INSERT INTO eventsTbl (personId, groupId, typeId, happened) values (17,4,3,'2016-01-28');
INSERT INTO eventsTbl (personId, groupId, typeId, happened) values (18,4,3,'2016-01-28');
INSERT INTO eventsTbl (personId, groupId, typeId, happened) values (19,4,3,'2016-01-28');
INSERT INTO eventsTbl (personId, groupId, typeId, happened) values (20,4,3,'2016-01-28');
INSERT INTO eventsTbl (personId, groupId, typeId, happened) values (3,1,4,'2016-01-29');
INSERT INTO eventsTbl (personId, groupId, typeId, happened) values (4,1,4,'2016-01-29');
INSERT INTO eventsTbl (personId, groupId, typeId, happened) values (5,1,4,'2016-01-29');
INSERT INTO eventsTbl (personId, groupId, typeId, happened) values (8,2,4,'2016-01-29');
INSERT INTO eventsTbl (personId, groupId, typeId, happened) values (9,2,4,'2016-01-29');
INSERT INTO eventsTbl (personId, groupId, typeId, happened) values (10,2,4,'2016-01-29');
INSERT INTO eventsTbl (personId, groupId, typeId, happened) values (14,3,4,'2016-01-29');
INSERT INTO eventsTbl (personId, groupId, typeId, happened) values (15,3,4,'2016-01-29');
INSERT INTO eventsTbl (personId, groupId, typeId, happened) values (16,3,4,'2016-01-29');
INSERT INTO eventsTbl (personId, groupId, typeId, happened) values (19,4,4,'2016-01-29');
INSERT INTO eventsTbl (personId, groupId, typeId, happened) values (20,4,4,'2016-01-29');
INSERT INTO eventsTbl (personId, groupId, typeId, happened) values (21,4,4,'2016-01-29');
INSERT INTO eventsTbl (personId, groupId, typeId, happened) values (1,1,5,'2016-01-30');
INSERT INTO eventsTbl (personId, groupId, typeId, happened) values (2,1,5,'2016-01-30');
INSERT INTO eventsTbl (personId, groupId, typeId, happened) values (6,2,5,'2016-01-30');
INSERT INTO eventsTbl (personId, groupId, typeId, happened) values (7,2,5,'2016-01-30');
INSERT INTO eventsTbl (personId, groupId, typeId, happened) values (12,3,5,'2016-01-30');
INSERT INTO eventsTbl (personId, groupId, typeId, happened) values (13,3,5,'2016-01-30');
INSERT INTO eventsTbl (personId, groupId, typeId, happened) values (17,4,5,'2016-01-30');
INSERT INTO eventsTbl (personId, groupId, typeId, happened) values (18,4,5,'2016-01-30');
INSERT INTO eventsTbl (personId, groupId, typeId, happened) values (1,1,1,'2016-02-02');
INSERT INTO eventsTbl (personId, groupId, typeId, happened) values (6,2,1,'2016-02-02');
INSERT INTO eventsTbl (personId, groupId, typeId, happened) values (12,3,1,'2016-02-02');
INSERT INTO eventsTbl (personId, groupId, typeId, happened) values (17,4,1,'2016-02-02');
INSERT INTO eventsTbl (personId, groupId, typeId, happened) values (2,1,2,'2016-02-03');
INSERT INTO eventsTbl (personId, groupId, typeId, happened) values (7,2,2,'2016-02-03');
INSERT INTO eventsTbl (personId, groupId, typeId, happened) values (13,3,2,'2016-02-03');
INSERT INTO eventsTbl (personId, groupId, typeId, happened) values (18,4,2,'2016-02-03');
INSERT INTO eventsTbl (personId, groupId, typeId, happened) values (1,1,3,'2016-02-04');
INSERT INTO eventsTbl (personId, groupId, typeId, happened) values (2,1,3,'2016-02-04');
INSERT INTO eventsTbl (personId, groupId, typeId, happened) values (3,1,3,'2016-02-04');
INSERT INTO eventsTbl (personId, groupId, typeId, happened) values (4,1,3,'2016-02-04');
INSERT INTO eventsTbl (personId, groupId, typeId, happened) values (6,2,3,'2016-02-04');
INSERT INTO eventsTbl (personId, groupId, typeId, happened) values (7,2,3,'2016-02-04');
INSERT INTO eventsTbl (personId, groupId, typeId, happened) values (8,2,3,'2016-02-04');
INSERT INTO eventsTbl (personId, groupId, typeId, happened) values (9,2,3,'2016-02-04');
INSERT INTO eventsTbl (personId, groupId, typeId, happened) values (12,3,3,'2016-02-04');
INSERT INTO eventsTbl (personId, groupId, typeId, happened) values (13,3,3,'2016-02-04');
INSERT INTO eventsTbl (personId, groupId, typeId, happened) values (14,3,3,'2016-02-04');
INSERT INTO eventsTbl (personId, groupId, typeId, happened) values (15,3,3,'2016-02-04');
INSERT INTO eventsTbl (personId, groupId, typeId, happened) values (17,4,3,'2016-02-04');
INSERT INTO eventsTbl (personId, groupId, typeId, happened) values (18,4,3,'2016-02-04');
INSERT INTO eventsTbl (personId, groupId, typeId, happened) values (19,4,3,'2016-02-04');
INSERT INTO eventsTbl (personId, groupId, typeId, happened) values (20,4,3,'2016-02-04');
INSERT INTO eventsTbl (personId, groupId, typeId, happened) values (3,1,4,'2016-02-05');
INSERT INTO eventsTbl (personId, groupId, typeId, happened) values (4,1,4,'2016-02-05');
INSERT INTO eventsTbl (personId, groupId, typeId, happened) values (5,1,4,'2016-02-05');
INSERT INTO eventsTbl (personId, groupId, typeId, happened) values (8,2,4,'2016-02-05');
INSERT INTO eventsTbl (personId, groupId, typeId, happened) values (9,2,4,'2016-02-05');
INSERT INTO eventsTbl (personId, groupId, typeId, happened) values (10,2,4,'2016-02-05');
INSERT INTO eventsTbl (personId, groupId, typeId, happened) values (14,3,4,'2016-02-05');
INSERT INTO eventsTbl (personId, groupId, typeId, happened) values (15,3,4,'2016-02-05');
INSERT INTO eventsTbl (personId, groupId, typeId, happened) values (16,3,4,'2016-02-05');
INSERT INTO eventsTbl (personId, groupId, typeId, happened) values (19,4,4,'2016-02-05');
INSERT INTO eventsTbl (personId, groupId, typeId, happened) values (20,4,4,'2016-02-05');
INSERT INTO eventsTbl (personId, groupId, typeId, happened) values (21,4,4,'2016-02-05');
INSERT INTO eventsTbl (personId, groupId, typeId, happened) values (1,1,5,'2016-02-06');
INSERT INTO eventsTbl (personId, groupId, typeId, happened) values (2,1,5,'2016-02-06');
INSERT INTO eventsTbl (personId, groupId, typeId, happened) values (6,2,5,'2016-02-06');
INSERT INTO eventsTbl (personId, groupId, typeId, happened) values (7,2,5,'2016-02-06');
INSERT INTO eventsTbl (personId, groupId, typeId, happened) values (12,3,5,'2016-02-06');
INSERT INTO eventsTbl (personId, groupId, typeId, happened) values (13,3,5,'2016-02-06');
INSERT INTO eventsTbl (personId, groupId, typeId, happened) values (17,4,5,'2016-02-06');
INSERT INTO eventsTbl (personId, groupId, typeId, happened) values (18,4,5,'2016-02-06');
INSERT INTO eventsTbl (personId, groupId, typeId, happened) values (1,1,1,'2016-02-09');
INSERT INTO eventsTbl (personId, groupId, typeId, happened) values (6,2,1,'2016-02-09');
INSERT INTO eventsTbl (personId, groupId, typeId, happened) values (12,3,1,'2016-02-09');
INSERT INTO eventsTbl (personId, groupId, typeId, happened) values (17,4,1,'2016-02-09');
INSERT INTO eventsTbl (personId, groupId, typeId, happened) values (2,1,2,'2016-02-10');
INSERT INTO eventsTbl (personId, groupId, typeId, happened) values (7,2,2,'2016-02-10');
INSERT INTO eventsTbl (personId, groupId, typeId, happened) values (13,3,2,'2016-02-10');
INSERT INTO eventsTbl (personId, groupId, typeId, happened) values (18,4,2,'2016-02-10');
INSERT INTO eventsTbl (personId, groupId, typeId, happened) values (1,1,3,'2016-02-11');
INSERT INTO eventsTbl (personId, groupId, typeId, happened) values (2,1,3,'2016-02-11');
INSERT INTO eventsTbl (personId, groupId, typeId, happened) values (3,1,3,'2016-02-11');
INSERT INTO eventsTbl (personId, groupId, typeId, happened) values (4,1,3,'2016-02-11');
INSERT INTO eventsTbl (personId, groupId, typeId, happened) values (6,2,3,'2016-02-11');
INSERT INTO eventsTbl (personId, groupId, typeId, happened) values (7,2,3,'2016-02-11');
INSERT INTO eventsTbl (personId, groupId, typeId, happened) values (8,2,3,'2016-02-11');
INSERT INTO eventsTbl (personId, groupId, typeId, happened) values (9,2,3,'2016-02-11');
INSERT INTO eventsTbl (personId, groupId, typeId, happened) values (12,3,3,'2016-02-11');
INSERT INTO eventsTbl (personId, groupId, typeId, happened) values (13,3,3,'2016-02-11');
INSERT INTO eventsTbl (personId, groupId, typeId, happened) values (14,3,3,'2016-02-11');
INSERT INTO eventsTbl (personId, groupId, typeId, happened) values (15,3,3,'2016-02-11');
INSERT INTO eventsTbl (personId, groupId, typeId, happened) values (17,4,3,'2016-02-11');
INSERT INTO eventsTbl (personId, groupId, typeId, happened) values (18,4,3,'2016-02-11');
INSERT INTO eventsTbl (personId, groupId, typeId, happened) values (19,4,3,'2016-02-11');
INSERT INTO eventsTbl (personId, groupId, typeId, happened) values (20,4,3,'2016-02-11');
INSERT INTO eventsTbl (personId, groupId, typeId, happened) values (3,1,4,'2016-02-12');
INSERT INTO eventsTbl (personId, groupId, typeId, happened) values (4,1,4,'2016-02-12');
INSERT INTO eventsTbl (personId, groupId, typeId, happened) values (5,1,4,'2016-02-12');
INSERT INTO eventsTbl (personId, groupId, typeId, happened) values (8,2,4,'2016-02-12');
INSERT INTO eventsTbl (personId, groupId, typeId, happened) values (9,2,4,'2016-02-12');
INSERT INTO eventsTbl (personId, groupId, typeId, happened) values (10,2,4,'2016-02-12');
INSERT INTO eventsTbl (personId, groupId, typeId, happened) values (14,3,4,'2016-02-12');
INSERT INTO eventsTbl (personId, groupId, typeId, happened) values (15,3,4,'2016-02-12');
INSERT INTO eventsTbl (personId, groupId, typeId, happened) values (16,3,4,'2016-02-12');
INSERT INTO eventsTbl (personId, groupId, typeId, happened) values (19,4,4,'2016-02-12');
INSERT INTO eventsTbl (personId, groupId, typeId, happened) values (20,4,4,'2016-02-12');
INSERT INTO eventsTbl (personId, groupId, typeId, happened) values (21,4,4,'2016-02-12');
INSERT INTO eventsTbl (personId, groupId, typeId, happened) values (1,1,5,'2016-02-13');
INSERT INTO eventsTbl (personId, groupId, typeId, happened) values (2,1,5,'2016-02-13');
INSERT INTO eventsTbl (personId, groupId, typeId, happened) values (6,2,5,'2016-02-13');
INSERT INTO eventsTbl (personId, groupId, typeId, happened) values (7,2,5,'2016-02-13');
INSERT INTO eventsTbl (personId, groupId, typeId, happened) values (12,3,5,'2016-02-13');
INSERT INTO eventsTbl (personId, groupId, typeId, happened) values (13,3,5,'2016-02-13');
INSERT INTO eventsTbl (personId, groupId, typeId, happened) values (17,4,5,'2016-02-13');
INSERT INTO eventsTbl (personId, groupId, typeId, happened) values (18,4,5,'2016-02-13');
INSERT INTO eventsTbl (personId, groupId, typeId, happened) values (1,1,1,'2016-02-16');
INSERT INTO eventsTbl (personId, groupId, typeId, happened) values (6,2,1,'2016-02-16');
INSERT INTO eventsTbl (personId, groupId, typeId, happened) values (12,3,1,'2016-02-16');
INSERT INTO eventsTbl (personId, groupId, typeId, happened) values (17,4,1,'2016-02-16');
INSERT INTO eventsTbl (personId, groupId, typeId, happened) values (2,1,2,'2016-02-17');
INSERT INTO eventsTbl (personId, groupId, typeId, happened) values (7,2,2,'2016-02-17');
INSERT INTO eventsTbl (personId, groupId, typeId, happened) values (13,3,2,'2016-02-17');
INSERT INTO eventsTbl (personId, groupId, typeId, happened) values (18,4,2,'2016-02-17');
INSERT INTO eventsTbl (personId, groupId, typeId, happened) values (1,1,3,'2016-02-18');
INSERT INTO eventsTbl (personId, groupId, typeId, happened) values (2,1,3,'2016-02-18');
INSERT INTO eventsTbl (personId, groupId, typeId, happened) values (3,1,3,'2016-02-18');
INSERT INTO eventsTbl (personId, groupId, typeId, happened) values (4,1,3,'2016-02-18');
INSERT INTO eventsTbl (personId, groupId, typeId, happened) values (6,2,3,'2016-02-18');
INSERT INTO eventsTbl (personId, groupId, typeId, happened) values (7,2,3,'2016-02-18');
INSERT INTO eventsTbl (personId, groupId, typeId, happened) values (8,2,3,'2016-02-18');
INSERT INTO eventsTbl (personId, groupId, typeId, happened) values (9,2,3,'2016-02-18');
INSERT INTO eventsTbl (personId, groupId, typeId, happened) values (12,3,3,'2016-02-18');
INSERT INTO eventsTbl (personId, groupId, typeId, happened) values (13,3,3,'2016-02-18');
INSERT INTO eventsTbl (personId, groupId, typeId, happened) values (14,3,3,'2016-02-18');
INSERT INTO eventsTbl (personId, groupId, typeId, happened) values (15,3,3,'2016-02-18');
INSERT INTO eventsTbl (personId, groupId, typeId, happened) values (17,4,3,'2016-02-18');
INSERT INTO eventsTbl (personId, groupId, typeId, happened) values (18,4,3,'2016-02-18');
INSERT INTO eventsTbl (personId, groupId, typeId, happened) values (19,4,3,'2016-02-18');
INSERT INTO eventsTbl (personId, groupId, typeId, happened) values (20,4,3,'2016-02-18');
INSERT INTO eventsTbl (personId, groupId, typeId, happened) values (3,1,4,'2016-02-19');
INSERT INTO eventsTbl (personId, groupId, typeId, happened) values (4,1,4,'2016-02-19');
INSERT INTO eventsTbl (personId, groupId, typeId, happened) values (5,1,4,'2016-02-19');
INSERT INTO eventsTbl (personId, groupId, typeId, happened) values (8,2,4,'2016-02-19');
INSERT INTO eventsTbl (personId, groupId, typeId, happened) values (9,2,4,'2016-02-19');
INSERT INTO eventsTbl (personId, groupId, typeId, happened) values (10,2,4,'2016-02-19');
INSERT INTO eventsTbl (personId, groupId, typeId, happened) values (14,3,4,'2016-02-19');
INSERT INTO eventsTbl (personId, groupId, typeId, happened) values (15,3,4,'2016-02-19');
INSERT INTO eventsTbl (personId, groupId, typeId, happened) values (16,3,4,'2016-02-19');
INSERT INTO eventsTbl (personId, groupId, typeId, happened) values (19,4,4,'2016-02-19');
INSERT INTO eventsTbl (personId, groupId, typeId, happened) values (20,4,4,'2016-02-19');
INSERT INTO eventsTbl (personId, groupId, typeId, happened) values (21,4,4,'2016-02-19');
INSERT INTO eventsTbl (personId, groupId, typeId, happened) values (1,1,5,'2016-02-20');
INSERT INTO eventsTbl (personId, groupId, typeId, happened) values (2,1,5,'2016-02-20');
INSERT INTO eventsTbl (personId, groupId, typeId, happened) values (6,2,5,'2016-02-20');
INSERT INTO eventsTbl (personId, groupId, typeId, happened) values (7,2,5,'2016-02-20');
INSERT INTO eventsTbl (personId, groupId, typeId, happened) values (12,3,5,'2016-02-20');
INSERT INTO eventsTbl (personId, groupId, typeId, happened) values (13,3,5,'2016-02-20');
INSERT INTO eventsTbl (personId, groupId, typeId, happened) values (17,4,5,'2016-02-20');
INSERT INTO eventsTbl (personId, groupId, typeId, happened) values (18,4,5,'2016-02-20');
INSERT INTO eventsTbl (personId, groupId, typeId, happened) values (1,1,1,'2016-02-23');
INSERT INTO eventsTbl (personId, groupId, typeId, happened) values (6,2,1,'2016-02-23');
INSERT INTO eventsTbl (personId, groupId, typeId, happened) values (12,3,1,'2016-02-23');
INSERT INTO eventsTbl (personId, groupId, typeId, happened) values (17,4,1,'2016-02-23');
INSERT INTO eventsTbl (personId, groupId, typeId, happened) values (2,1,2,'2016-02-24');
INSERT INTO eventsTbl (personId, groupId, typeId, happened) values (7,2,2,'2016-02-24');
INSERT INTO eventsTbl (personId, groupId, typeId, happened) values (13,3,2,'2016-02-24');
INSERT INTO eventsTbl (personId, groupId, typeId, happened) values (18,4,2,'2016-02-24');
INSERT INTO eventsTbl (personId, groupId, typeId, happened) values (1,1,3,'2016-02-25');
INSERT INTO eventsTbl (personId, groupId, typeId, happened) values (2,1,3,'2016-02-25');
INSERT INTO eventsTbl (personId, groupId, typeId, happened) values (3,1,3,'2016-02-25');
INSERT INTO eventsTbl (personId, groupId, typeId, happened) values (4,1,3,'2016-02-25');
INSERT INTO eventsTbl (personId, groupId, typeId, happened) values (6,2,3,'2016-02-25');
INSERT INTO eventsTbl (personId, groupId, typeId, happened) values (7,2,3,'2016-02-25');
INSERT INTO eventsTbl (personId, groupId, typeId, happened) values (8,2,3,'2016-02-25');
INSERT INTO eventsTbl (personId, groupId, typeId, happened) values (9,2,3,'2016-02-25');
INSERT INTO eventsTbl (personId, groupId, typeId, happened) values (12,3,3,'2016-02-25');
INSERT INTO eventsTbl (personId, groupId, typeId, happened) values (13,3,3,'2016-02-25');
INSERT INTO eventsTbl (personId, groupId, typeId, happened) values (14,3,3,'2016-02-25');
INSERT INTO eventsTbl (personId, groupId, typeId, happened) values (15,3,3,'2016-02-25');
INSERT INTO eventsTbl (personId, groupId, typeId, happened) values (17,4,3,'2016-02-25');
INSERT INTO eventsTbl (personId, groupId, typeId, happened) values (18,4,3,'2016-02-25');
INSERT INTO eventsTbl (personId, groupId, typeId, happened) values (19,4,3,'2016-02-25');
INSERT INTO eventsTbl (personId, groupId, typeId, happened) values (20,4,3,'2016-02-25');
INSERT INTO eventsTbl (personId, groupId, typeId, happened) values (3,1,4,'2016-02-26');
INSERT INTO eventsTbl (personId, groupId, typeId, happened) values (4,1,4,'2016-02-26');
INSERT INTO eventsTbl (personId, groupId, typeId, happened) values (5,1,4,'2016-02-26');
INSERT INTO eventsTbl (personId, groupId, typeId, happened) values (8,2,4,'2016-02-26');
INSERT INTO eventsTbl (personId, groupId, typeId, happened) values (9,2,4,'2016-02-26');
INSERT INTO eventsTbl (personId, groupId, typeId, happened) values (10,2,4,'2016-02-26');
INSERT INTO eventsTbl (personId, groupId, typeId, happened) values (14,3,4,'2016-02-26');
INSERT INTO eventsTbl (personId, groupId, typeId, happened) values (15,3,4,'2016-02-26');
INSERT INTO eventsTbl (personId, groupId, typeId, happened) values (16,3,4,'2016-02-26');
INSERT INTO eventsTbl (personId, groupId, typeId, happened) values (19,4,4,'2016-02-26');
INSERT INTO eventsTbl (personId, groupId, typeId, happened) values (20,4,4,'2016-02-26');
INSERT INTO eventsTbl (personId, groupId, typeId, happened) values (21,4,4,'2016-02-26');
INSERT INTO eventsTbl (personId, groupId, typeId, happened) values (1,1,5,'2016-02-27');
INSERT INTO eventsTbl (personId, groupId, typeId, happened) values (2,1,5,'2016-02-27');
INSERT INTO eventsTbl (personId, groupId, typeId, happened) values (6,2,5,'2016-02-27');
INSERT INTO eventsTbl (personId, groupId, typeId, happened) values (7,2,5,'2016-02-27');
INSERT INTO eventsTbl (personId, groupId, typeId, happened) values (12,3,5,'2016-02-27');
INSERT INTO eventsTbl (personId, groupId, typeId, happened) values (13,3,5,'2016-02-27');
INSERT INTO eventsTbl (personId, groupId, typeId, happened) values (17,4,5,'2016-02-27');
INSERT INTO eventsTbl (personId, groupId, typeId, happened) values (18,4,5,'2016-02-27');
INSERT INTO eventsTbl (personId, groupId, typeId, happened) values (1,1,1,'2016-03-01');
INSERT INTO eventsTbl (personId, groupId, typeId, happened) values (6,2,1,'2016-03-01');
INSERT INTO eventsTbl (personId, groupId, typeId, happened) values (12,3,1,'2016-03-01');
INSERT INTO eventsTbl (personId, groupId, typeId, happened) values (17,4,1,'2016-03-01');
INSERT INTO eventsTbl (personId, groupId, typeId, happened) values (2,1,2,'2016-03-02');
INSERT INTO eventsTbl (personId, groupId, typeId, happened) values (7,2,2,'2016-03-02');
INSERT INTO eventsTbl (personId, groupId, typeId, happened) values (13,3,2,'2016-03-02');
INSERT INTO eventsTbl (personId, groupId, typeId, happened) values (18,4,2,'2016-03-02');
INSERT INTO eventsTbl (personId, groupId, typeId, happened) values (1,1,3,'2016-03-03');
INSERT INTO eventsTbl (personId, groupId, typeId, happened) values (2,1,3,'2016-03-03');
INSERT INTO eventsTbl (personId, groupId, typeId, happened) values (3,1,3,'2016-03-03');
INSERT INTO eventsTbl (personId, groupId, typeId, happened) values (4,1,3,'2016-03-03');
INSERT INTO eventsTbl (personId, groupId, typeId, happened) values (6,2,3,'2016-03-03');
INSERT INTO eventsTbl (personId, groupId, typeId, happened) values (7,2,3,'2016-03-03');
INSERT INTO eventsTbl (personId, groupId, typeId, happened) values (8,2,3,'2016-03-03');
INSERT INTO eventsTbl (personId, groupId, typeId, happened) values (9,2,3,'2016-03-03');
INSERT INTO eventsTbl (personId, groupId, typeId, happened) values (12,3,3,'2016-03-03');
INSERT INTO eventsTbl (personId, groupId, typeId, happened) values (13,3,3,'2016-03-03');
INSERT INTO eventsTbl (personId, groupId, typeId, happened) values (14,3,3,'2016-03-03');
INSERT INTO eventsTbl (personId, groupId, typeId, happened) values (15,3,3,'2016-03-03');
INSERT INTO eventsTbl (personId, groupId, typeId, happened) values (17,4,3,'2016-03-03');
INSERT INTO eventsTbl (personId, groupId, typeId, happened) values (18,4,3,'2016-03-03');
INSERT INTO eventsTbl (personId, groupId, typeId, happened) values (19,4,3,'2016-03-03');
INSERT INTO eventsTbl (personId, groupId, typeId, happened) values (20,4,3,'2016-03-03');
INSERT INTO eventsTbl (personId, groupId, typeId, happened) values (3,1,4,'2016-03-04');
INSERT INTO eventsTbl (personId, groupId, typeId, happened) values (4,1,4,'2016-03-04');
INSERT INTO eventsTbl (personId, groupId, typeId, happened) values (5,1,4,'2016-03-04');
INSERT INTO eventsTbl (personId, groupId, typeId, happened) values (8,2,4,'2016-03-04');
INSERT INTO eventsTbl (personId, groupId, typeId, happened) values (9,2,4,'2016-03-04');
INSERT INTO eventsTbl (personId, groupId, typeId, happened) values (10,2,4,'2016-03-04');
INSERT INTO eventsTbl (personId, groupId, typeId, happened) values (14,3,4,'2016-03-04');
INSERT INTO eventsTbl (personId, groupId, typeId, happened) values (15,3,4,'2016-03-04');
INSERT INTO eventsTbl (personId, groupId, typeId, happened) values (16,3,4,'2016-03-04');
INSERT INTO eventsTbl (personId, groupId, typeId, happened) values (19,4,4,'2016-03-04');
INSERT INTO eventsTbl (personId, groupId, typeId, happened) values (20,4,4,'2016-03-04');
INSERT INTO eventsTbl (personId, groupId, typeId, happened) values (21,4,4,'2016-03-04');
INSERT INTO eventsTbl (personId, groupId, typeId, happened) values (1,1,5,'2016-03-05');
INSERT INTO eventsTbl (personId, groupId, typeId, happened) values (2,1,5,'2016-03-05');
INSERT INTO eventsTbl (personId, groupId, typeId, happened) values (6,2,5,'2016-03-05');
INSERT INTO eventsTbl (personId, groupId, typeId, happened) values (7,2,5,'2016-03-05');
INSERT INTO eventsTbl (personId, groupId, typeId, happened) values (12,3,5,'2016-03-05');
INSERT INTO eventsTbl (personId, groupId, typeId, happened) values (13,3,5,'2016-03-05');
INSERT INTO eventsTbl (personId, groupId, typeId, happened) values (17,4,5,'2016-03-05');
INSERT INTO eventsTbl (personId, groupId, typeId, happened) values (18,4,5,'2016-03-05');
INSERT INTO eventsTbl (personId, groupId, typeId, happened) values (1,1,1,'2016-03-08');
INSERT INTO eventsTbl (personId, groupId, typeId, happened) values (6,2,1,'2016-03-08');
INSERT INTO eventsTbl (personId, groupId, typeId, happened) values (12,3,1,'2016-03-08');
INSERT INTO eventsTbl (personId, groupId, typeId, happened) values (17,4,1,'2016-03-08');
INSERT INTO eventsTbl (personId, groupId, typeId, happened) values (2,1,2,'2016-03-09');
INSERT INTO eventsTbl (personId, groupId, typeId, happened) values (7,2,2,'2016-03-09');
INSERT INTO eventsTbl (personId, groupId, typeId, happened) values (13,3,2,'2016-03-09');
INSERT INTO eventsTbl (personId, groupId, typeId, happened) values (18,4,2,'2016-03-09');
INSERT INTO eventsTbl (personId, groupId, typeId, happened) values (1,1,3,'2016-03-10');
INSERT INTO eventsTbl (personId, groupId, typeId, happened) values (2,1,3,'2016-03-10');
INSERT INTO eventsTbl (personId, groupId, typeId, happened) values (3,1,3,'2016-03-10');
INSERT INTO eventsTbl (personId, groupId, typeId, happened) values (4,1,3,'2016-03-10');
INSERT INTO eventsTbl (personId, groupId, typeId, happened) values (6,2,3,'2016-03-10');
INSERT INTO eventsTbl (personId, groupId, typeId, happened) values (7,2,3,'2016-03-10');
INSERT INTO eventsTbl (personId, groupId, typeId, happened) values (8,2,3,'2016-03-10');
INSERT INTO eventsTbl (personId, groupId, typeId, happened) values (9,2,3,'2016-03-10');
INSERT INTO eventsTbl (personId, groupId, typeId, happened) values (12,3,3,'2016-03-10');
INSERT INTO eventsTbl (personId, groupId, typeId, happened) values (13,3,3,'2016-03-10');
INSERT INTO eventsTbl (personId, groupId, typeId, happened) values (14,3,3,'2016-03-10');
INSERT INTO eventsTbl (personId, groupId, typeId, happened) values (15,3,3,'2016-03-10');
INSERT INTO eventsTbl (personId, groupId, typeId, happened) values (17,4,3,'2016-03-10');
INSERT INTO eventsTbl (personId, groupId, typeId, happened) values (18,4,3,'2016-03-10');
INSERT INTO eventsTbl (personId, groupId, typeId, happened) values (19,4,3,'2016-03-10');
INSERT INTO eventsTbl (personId, groupId, typeId, happened) values (20,4,3,'2016-03-10');
INSERT INTO eventsTbl (personId, groupId, typeId, happened) values (3,1,4,'2016-03-11');
INSERT INTO eventsTbl (personId, groupId, typeId, happened) values (4,1,4,'2016-03-11');
INSERT INTO eventsTbl (personId, groupId, typeId, happened) values (5,1,4,'2016-03-11');
INSERT INTO eventsTbl (personId, groupId, typeId, happened) values (8,2,4,'2016-03-11');
INSERT INTO eventsTbl (personId, groupId, typeId, happened) values (9,2,4,'2016-03-11');
INSERT INTO eventsTbl (personId, groupId, typeId, happened) values (10,2,4,'2016-03-11');
INSERT INTO eventsTbl (personId, groupId, typeId, happened) values (14,3,4,'2016-03-11');
INSERT INTO eventsTbl (personId, groupId, typeId, happened) values (15,3,4,'2016-03-11');
INSERT INTO eventsTbl (personId, groupId, typeId, happened) values (16,3,4,'2016-03-11');
INSERT INTO eventsTbl (personId, groupId, typeId, happened) values (19,4,4,'2016-03-11');
INSERT INTO eventsTbl (personId, groupId, typeId, happened) values (20,4,4,'2016-03-11');
INSERT INTO eventsTbl (personId, groupId, typeId, happened) values (21,4,4,'2016-03-11');
INSERT INTO eventsTbl (personId, groupId, typeId, happened) values (1,1,5,'2016-03-12');
INSERT INTO eventsTbl (personId, groupId, typeId, happened) values (2,1,5,'2016-03-12');
INSERT INTO eventsTbl (personId, groupId, typeId, happened) values (6,2,5,'2016-03-12');
INSERT INTO eventsTbl (personId, groupId, typeId, happened) values (7,2,5,'2016-03-12');
INSERT INTO eventsTbl (personId, groupId, typeId, happened) values (12,3,5,'2016-03-12');
INSERT INTO eventsTbl (personId, groupId, typeId, happened) values (13,3,5,'2016-03-12');
INSERT INTO eventsTbl (personId, groupId, typeId, happened) values (17,4,5,'2016-03-12');
INSERT INTO eventsTbl (personId, groupId, typeId, happened) values (18,4,5,'2016-03-12');
INSERT INTO eventsTbl (personId, groupId, typeId, happened) values (1,1,1,'2016-03-15');
INSERT INTO eventsTbl (personId, groupId, typeId, happened) values (6,2,1,'2016-03-15');
INSERT INTO eventsTbl (personId, groupId, typeId, happened) values (12,3,1,'2016-03-15');
INSERT INTO eventsTbl (personId, groupId, typeId, happened) values (17,4,1,'2016-03-15');
INSERT INTO eventsTbl (personId, groupId, typeId, happened) values (2,1,2,'2016-03-16');
INSERT INTO eventsTbl (personId, groupId, typeId, happened) values (7,2,2,'2016-03-16');
INSERT INTO eventsTbl (personId, groupId, typeId, happened) values (13,3,2,'2016-03-16');
INSERT INTO eventsTbl (personId, groupId, typeId, happened) values (18,4,2,'2016-03-16');
INSERT INTO eventsTbl (personId, groupId, typeId, happened) values (1,1,3,'2016-03-17');
INSERT INTO eventsTbl (personId, groupId, typeId, happened) values (2,1,3,'2016-03-17');
INSERT INTO eventsTbl (personId, groupId, typeId, happened) values (3,1,3,'2016-03-17');
INSERT INTO eventsTbl (personId, groupId, typeId, happened) values (4,1,3,'2016-03-17');
INSERT INTO eventsTbl (personId, groupId, typeId, happened) values (6,2,3,'2016-03-17');
INSERT INTO eventsTbl (personId, groupId, typeId, happened) values (7,2,3,'2016-03-17');
INSERT INTO eventsTbl (personId, groupId, typeId, happened) values (8,2,3,'2016-03-17');
INSERT INTO eventsTbl (personId, groupId, typeId, happened) values (9,2,3,'2016-03-17');
INSERT INTO eventsTbl (personId, groupId, typeId, happened) values (12,3,3,'2016-03-17');
INSERT INTO eventsTbl (personId, groupId, typeId, happened) values (13,3,3,'2016-03-17');
INSERT INTO eventsTbl (personId, groupId, typeId, happened) values (14,3,3,'2016-03-17');
INSERT INTO eventsTbl (personId, groupId, typeId, happened) values (15,3,3,'2016-03-17');
INSERT INTO eventsTbl (personId, groupId, typeId, happened) values (17,4,3,'2016-03-17');
INSERT INTO eventsTbl (personId, groupId, typeId, happened) values (18,4,3,'2016-03-17');
INSERT INTO eventsTbl (personId, groupId, typeId, happened) values (19,4,3,'2016-03-17');
INSERT INTO eventsTbl (personId, groupId, typeId, happened) values (20,4,3,'2016-03-17');
INSERT INTO eventsTbl (personId, groupId, typeId, happened) values (3,1,4,'2016-03-18');
INSERT INTO eventsTbl (personId, groupId, typeId, happened) values (4,1,4,'2016-03-18');
INSERT INTO eventsTbl (personId, groupId, typeId, happened) values (5,1,4,'2016-03-18');
INSERT INTO eventsTbl (personId, groupId, typeId, happened) values (8,2,4,'2016-03-18');
INSERT INTO eventsTbl (personId, groupId, typeId, happened) values (9,2,4,'2016-03-18');
INSERT INTO eventsTbl (personId, groupId, typeId, happened) values (10,2,4,'2016-03-18');
INSERT INTO eventsTbl (personId, groupId, typeId, happened) values (14,3,4,'2016-03-18');
INSERT INTO eventsTbl (personId, groupId, typeId, happened) values (15,3,4,'2016-03-18');
INSERT INTO eventsTbl (personId, groupId, typeId, happened) values (16,3,4,'2016-03-18');
INSERT INTO eventsTbl (personId, groupId, typeId, happened) values (19,4,4,'2016-03-18');
INSERT INTO eventsTbl (personId, groupId, typeId, happened) values (20,4,4,'2016-03-18');
INSERT INTO eventsTbl (personId, groupId, typeId, happened) values (21,4,4,'2016-03-18');
INSERT INTO eventsTbl (personId, groupId, typeId, happened) values (1,1,5,'2016-03-19');
INSERT INTO eventsTbl (personId, groupId, typeId, happened) values (2,1,5,'2016-03-19');
INSERT INTO eventsTbl (personId, groupId, typeId, happened) values (6,2,5,'2016-03-19');
INSERT INTO eventsTbl (personId, groupId, typeId, happened) values (7,2,5,'2016-03-19');
INSERT INTO eventsTbl (personId, groupId, typeId, happened) values (12,3,5,'2016-03-19');
INSERT INTO eventsTbl (personId, groupId, typeId, happened) values (13,3,5,'2016-03-19');
INSERT INTO eventsTbl (personId, groupId, typeId, happened) values (17,4,5,'2016-03-19');
INSERT INTO eventsTbl (personId, groupId, typeId, happened) values (18,4,5,'2016-03-19');
INSERT INTO eventsTbl (personId, groupId, typeId, happened) values (1,1,1,'2016-03-22');
INSERT INTO eventsTbl (personId, groupId, typeId, happened) values (6,2,1,'2016-03-22');
INSERT INTO eventsTbl (personId, groupId, typeId, happened) values (12,3,1,'2016-03-22');
INSERT INTO eventsTbl (personId, groupId, typeId, happened) values (17,4,1,'2016-03-22');
INSERT INTO eventsTbl (personId, groupId, typeId, happened) values (2,1,2,'2016-03-23');
INSERT INTO eventsTbl (personId, groupId, typeId, happened) values (7,2,2,'2016-03-23');
INSERT INTO eventsTbl (personId, groupId, typeId, happened) values (13,3,2,'2016-03-23');
INSERT INTO eventsTbl (personId, groupId, typeId, happened) values (18,4,2,'2016-03-23');
INSERT INTO eventsTbl (personId, groupId, typeId, happened) values (1,1,3,'2016-03-24');
INSERT INTO eventsTbl (personId, groupId, typeId, happened) values (2,1,3,'2016-03-24');
INSERT INTO eventsTbl (personId, groupId, typeId, happened) values (3,1,3,'2016-03-24');
INSERT INTO eventsTbl (personId, groupId, typeId, happened) values (4,1,3,'2016-03-24');
INSERT INTO eventsTbl (personId, groupId, typeId, happened) values (6,2,3,'2016-03-24');
INSERT INTO eventsTbl (personId, groupId, typeId, happened) values (7,2,3,'2016-03-24');
INSERT INTO eventsTbl (personId, groupId, typeId, happened) values (8,2,3,'2016-03-24');
INSERT INTO eventsTbl (personId, groupId, typeId, happened) values (9,2,3,'2016-03-24');
INSERT INTO eventsTbl (personId, groupId, typeId, happened) values (12,3,3,'2016-03-24');
INSERT INTO eventsTbl (personId, groupId, typeId, happened) values (13,3,3,'2016-03-24');
INSERT INTO eventsTbl (personId, groupId, typeId, happened) values (14,3,3,'2016-03-24');
INSERT INTO eventsTbl (personId, groupId, typeId, happened) values (15,3,3,'2016-03-24');
INSERT INTO eventsTbl (personId, groupId, typeId, happened) values (17,4,3,'2016-03-24');
INSERT INTO eventsTbl (personId, groupId, typeId, happened) values (18,4,3,'2016-03-24');
INSERT INTO eventsTbl (personId, groupId, typeId, happened) values (19,4,3,'2016-03-24');
INSERT INTO eventsTbl (personId, groupId, typeId, happened) values (20,4,3,'2016-03-24');
INSERT INTO eventsTbl (personId, groupId, typeId, happened) values (3,1,4,'2016-03-25');
INSERT INTO eventsTbl (personId, groupId, typeId, happened) values (4,1,4,'2016-03-25');
INSERT INTO eventsTbl (personId, groupId, typeId, happened) values (5,1,4,'2016-03-25');
INSERT INTO eventsTbl (personId, groupId, typeId, happened) values (8,2,4,'2016-03-25');
INSERT INTO eventsTbl (personId, groupId, typeId, happened) values (9,2,4,'2016-03-25');
INSERT INTO eventsTbl (personId, groupId, typeId, happened) values (10,2,4,'2016-03-25');
INSERT INTO eventsTbl (personId, groupId, typeId, happened) values (14,3,4,'2016-03-25');
INSERT INTO eventsTbl (personId, groupId, typeId, happened) values (15,3,4,'2016-03-25');
INSERT INTO eventsTbl (personId, groupId, typeId, happened) values (16,3,4,'2016-03-25');
INSERT INTO eventsTbl (personId, groupId, typeId, happened) values (19,4,4,'2016-03-25');
INSERT INTO eventsTbl (personId, groupId, typeId, happened) values (20,4,4,'2016-03-25');
INSERT INTO eventsTbl (personId, groupId, typeId, happened) values (21,4,4,'2016-03-25');
INSERT INTO eventsTbl (personId, groupId, typeId, happened) values (1,1,5,'2016-03-26');
INSERT INTO eventsTbl (personId, groupId, typeId, happened) values (2,1,5,'2016-03-26');
INSERT INTO eventsTbl (personId, groupId, typeId, happened) values (6,2,5,'2016-03-26');
INSERT INTO eventsTbl (personId, groupId, typeId, happened) values (7,2,5,'2016-03-26');
INSERT INTO eventsTbl (personId, groupId, typeId, happened) values (12,3,5,'2016-03-26');
INSERT INTO eventsTbl (personId, groupId, typeId, happened) values (13,3,5,'2016-03-26');
INSERT INTO eventsTbl (personId, groupId, typeId, happened) values (17,4,5,'2016-03-26');
INSERT INTO eventsTbl (personId, groupId, typeId, happened) values (18,4,5,'2016-03-26');
INSERT INTO eventsTbl (personId, groupId, typeId, happened) values (1,1,1,'2016-03-29');
INSERT INTO eventsTbl (personId, groupId, typeId, happened) values (6,2,1,'2016-03-29');
INSERT INTO eventsTbl (personId, groupId, typeId, happened) values (12,3,1,'2016-03-29');
INSERT INTO eventsTbl (personId, groupId, typeId, happened) values (17,4,1,'2016-03-29');
INSERT INTO eventsTbl (personId, groupId, typeId, happened) values (2,1,2,'2016-03-30');
INSERT INTO eventsTbl (personId, groupId, typeId, happened) values (7,2,2,'2016-03-30');
INSERT INTO eventsTbl (personId, groupId, typeId, happened) values (13,3,2,'2016-03-30');
INSERT INTO eventsTbl (personId, groupId, typeId, happened) values (18,4,2,'2016-03-30');
INSERT INTO eventsTbl (personId, groupId, typeId, happened) values (1,1,3,'2016-03-31');
INSERT INTO eventsTbl (personId, groupId, typeId, happened) values (2,1,3,'2016-03-31');
INSERT INTO eventsTbl (personId, groupId, typeId, happened) values (3,1,3,'2016-03-31');
INSERT INTO eventsTbl (personId, groupId, typeId, happened) values (4,1,3,'2016-03-31');
INSERT INTO eventsTbl (personId, groupId, typeId, happened) values (6,2,3,'2016-03-31');
INSERT INTO eventsTbl (personId, groupId, typeId, happened) values (7,2,3,'2016-03-31');
INSERT INTO eventsTbl (personId, groupId, typeId, happened) values (8,2,3,'2016-03-31');
INSERT INTO eventsTbl (personId, groupId, typeId, happened) values (9,2,3,'2016-03-31');
INSERT INTO eventsTbl (personId, groupId, typeId, happened) values (12,3,3,'2016-03-31');
INSERT INTO eventsTbl (personId, groupId, typeId, happened) values (13,3,3,'2016-03-31');
INSERT INTO eventsTbl (personId, groupId, typeId, happened) values (14,3,3,'2016-03-31');
INSERT INTO eventsTbl (personId, groupId, typeId, happened) values (15,3,3,'2016-03-31');
INSERT INTO eventsTbl (personId, groupId, typeId, happened) values (17,4,3,'2016-03-31');
INSERT INTO eventsTbl (personId, groupId, typeId, happened) values (18,4,3,'2016-03-31');
INSERT INTO eventsTbl (personId, groupId, typeId, happened) values (19,4,3,'2016-03-31');
INSERT INTO eventsTbl (personId, groupId, typeId, happened) values (20,4,3,'2016-03-31');
INSERT INTO eventsTbl (personId, groupId, typeId, happened) values (3,1,4,'2016-04-01');
INSERT INTO eventsTbl (personId, groupId, typeId, happened) values (4,1,4,'2016-04-01');
INSERT INTO eventsTbl (personId, groupId, typeId, happened) values (5,1,4,'2016-04-01');
INSERT INTO eventsTbl (personId, groupId, typeId, happened) values (8,2,4,'2016-04-01');
INSERT INTO eventsTbl (personId, groupId, typeId, happened) values (9,2,4,'2016-04-01');
INSERT INTO eventsTbl (personId, groupId, typeId, happened) values (10,2,4,'2016-04-01');
INSERT INTO eventsTbl (personId, groupId, typeId, happened) values (14,3,4,'2016-04-01');
INSERT INTO eventsTbl (personId, groupId, typeId, happened) values (15,3,4,'2016-04-01');
INSERT INTO eventsTbl (personId, groupId, typeId, happened) values (16,3,4,'2016-04-01');
INSERT INTO eventsTbl (personId, groupId, typeId, happened) values (19,4,4,'2016-04-01');
INSERT INTO eventsTbl (personId, groupId, typeId, happened) values (20,4,4,'2016-04-01');
INSERT INTO eventsTbl (personId, groupId, typeId, happened) values (21,4,4,'2016-04-01');
INSERT INTO eventsTbl (personId, groupId, typeId, happened) values (1,1,5,'2016-04-02');
INSERT INTO eventsTbl (personId, groupId, typeId, happened) values (2,1,5,'2016-04-02');
INSERT INTO eventsTbl (personId, groupId, typeId, happened) values (6,2,5,'2016-04-02');
INSERT INTO eventsTbl (personId, groupId, typeId, happened) values (7,2,5,'2016-04-02');
INSERT INTO eventsTbl (personId, groupId, typeId, happened) values (12,3,5,'2016-04-02');
INSERT INTO eventsTbl (personId, groupId, typeId, happened) values (13,3,5,'2016-04-02');
INSERT INTO eventsTbl (personId, groupId, typeId, happened) values (17,4,5,'2016-04-02');
INSERT INTO eventsTbl (personId, groupId, typeId, happened) values (18,4,5,'2016-04-02');
INSERT INTO eventsTbl (personId, groupId, typeId, happened) values (1,1,1,'2016-04-05');
INSERT INTO eventsTbl (personId, groupId, typeId, happened) values (6,2,1,'2016-04-05');
INSERT INTO eventsTbl (personId, groupId, typeId, happened) values (12,3,1,'2016-04-05');
INSERT INTO eventsTbl (personId, groupId, typeId, happened) values (17,4,1,'2016-04-05');
INSERT INTO eventsTbl (personId, groupId, typeId, happened) values (2,1,2,'2016-04-06');
INSERT INTO eventsTbl (personId, groupId, typeId, happened) values (7,2,2,'2016-04-06');
INSERT INTO eventsTbl (personId, groupId, typeId, happened) values (13,3,2,'2016-04-06');
INSERT INTO eventsTbl (personId, groupId, typeId, happened) values (18,4,2,'2016-04-06');
INSERT INTO eventsTbl (personId, groupId, typeId, happened) values (1,1,3,'2016-04-07');
INSERT INTO eventsTbl (personId, groupId, typeId, happened) values (2,1,3,'2016-04-07');
INSERT INTO eventsTbl (personId, groupId, typeId, happened) values (3,1,3,'2016-04-07');
INSERT INTO eventsTbl (personId, groupId, typeId, happened) values (4,1,3,'2016-04-07');
INSERT INTO eventsTbl (personId, groupId, typeId, happened) values (6,2,3,'2016-04-07');
INSERT INTO eventsTbl (personId, groupId, typeId, happened) values (7,2,3,'2016-04-07');
INSERT INTO eventsTbl (personId, groupId, typeId, happened) values (8,2,3,'2016-04-07');
INSERT INTO eventsTbl (personId, groupId, typeId, happened) values (9,2,3,'2016-04-07');
INSERT INTO eventsTbl (personId, groupId, typeId, happened) values (12,3,3,'2016-04-07');
INSERT INTO eventsTbl (personId, groupId, typeId, happened) values (13,3,3,'2016-04-07');
INSERT INTO eventsTbl (personId, groupId, typeId, happened) values (14,3,3,'2016-04-07');
INSERT INTO eventsTbl (personId, groupId, typeId, happened) values (15,3,3,'2016-04-07');
INSERT INTO eventsTbl (personId, groupId, typeId, happened) values (17,4,3,'2016-04-07');
INSERT INTO eventsTbl (personId, groupId, typeId, happened) values (18,4,3,'2016-04-07');
INSERT INTO eventsTbl (personId, groupId, typeId, happened) values (19,4,3,'2016-04-07');
INSERT INTO eventsTbl (personId, groupId, typeId, happened) values (20,4,3,'2016-04-07');
INSERT INTO eventsTbl (personId, groupId, typeId, happened) values (3,1,4,'2016-04-08');
INSERT INTO eventsTbl (personId, groupId, typeId, happened) values (4,1,4,'2016-04-08');
INSERT INTO eventsTbl (personId, groupId, typeId, happened) values (5,1,4,'2016-04-08');
INSERT INTO eventsTbl (personId, groupId, typeId, happened) values (8,2,4,'2016-04-08');
INSERT INTO eventsTbl (personId, groupId, typeId, happened) values (9,2,4,'2016-04-08');
INSERT INTO eventsTbl (personId, groupId, typeId, happened) values (10,2,4,'2016-04-08');
INSERT INTO eventsTbl (personId, groupId, typeId, happened) values (14,3,4,'2016-04-08');
INSERT INTO eventsTbl (personId, groupId, typeId, happened) values (15,3,4,'2016-04-08');
INSERT INTO eventsTbl (personId, groupId, typeId, happened) values (16,3,4,'2016-04-08');
INSERT INTO eventsTbl (personId, groupId, typeId, happened) values (19,4,4,'2016-04-08');
INSERT INTO eventsTbl (personId, groupId, typeId, happened) values (20,4,4,'2016-04-08');
INSERT INTO eventsTbl (personId, groupId, typeId, happened) values (21,4,4,'2016-04-08');
INSERT INTO eventsTbl (personId, groupId, typeId, happened) values (1,1,5,'2016-04-09');
INSERT INTO eventsTbl (personId, groupId, typeId, happened) values (2,1,5,'2016-04-09');
INSERT INTO eventsTbl (personId, groupId, typeId, happened) values (6,2,5,'2016-04-09');
INSERT INTO eventsTbl (personId, groupId, typeId, happened) values (7,2,5,'2016-04-09');
INSERT INTO eventsTbl (personId, groupId, typeId, happened) values (12,3,5,'2016-04-09');
INSERT INTO eventsTbl (personId, groupId, typeId, happened) values (13,3,5,'2016-04-09');
INSERT INTO eventsTbl (personId, groupId, typeId, happened) values (17,4,5,'2016-04-09');
INSERT INTO eventsTbl (personId, groupId, typeId, happened) values (18,4,5,'2016-04-09');
INSERT INTO eventsTbl (personId, groupId, typeId, happened) values (1,1,1,'2016-04-12');
INSERT INTO eventsTbl (personId, groupId, typeId, happened) values (6,2,1,'2016-04-12');
INSERT INTO eventsTbl (personId, groupId, typeId, happened) values (12,3,1,'2016-04-12');
INSERT INTO eventsTbl (personId, groupId, typeId, happened) values (17,4,1,'2016-04-12');
INSERT INTO eventsTbl (personId, groupId, typeId, happened) values (2,1,2,'2016-04-13');
INSERT INTO eventsTbl (personId, groupId, typeId, happened) values (7,2,2,'2016-04-13');
INSERT INTO eventsTbl (personId, groupId, typeId, happened) values (13,3,2,'2016-04-13');
INSERT INTO eventsTbl (personId, groupId, typeId, happened) values (18,4,2,'2016-04-13');
INSERT INTO eventsTbl (personId, groupId, typeId, happened) values (1,1,3,'2016-04-14');
INSERT INTO eventsTbl (personId, groupId, typeId, happened) values (2,1,3,'2016-04-14');
INSERT INTO eventsTbl (personId, groupId, typeId, happened) values (3,1,3,'2016-04-14');
INSERT INTO eventsTbl (personId, groupId, typeId, happened) values (4,1,3,'2016-04-14');
INSERT INTO eventsTbl (personId, groupId, typeId, happened) values (6,2,3,'2016-04-14');
INSERT INTO eventsTbl (personId, groupId, typeId, happened) values (7,2,3,'2016-04-14');
INSERT INTO eventsTbl (personId, groupId, typeId, happened) values (8,2,3,'2016-04-14');
INSERT INTO eventsTbl (personId, groupId, typeId, happened) values (9,2,3,'2016-04-14');
INSERT INTO eventsTbl (personId, groupId, typeId, happened) values (12,3,3,'2016-04-14');
INSERT INTO eventsTbl (personId, groupId, typeId, happened) values (13,3,3,'2016-04-14');
INSERT INTO eventsTbl (personId, groupId, typeId, happened) values (14,3,3,'2016-04-14');
INSERT INTO eventsTbl (personId, groupId, typeId, happened) values (15,3,3,'2016-04-14');
INSERT INTO eventsTbl (personId, groupId, typeId, happened) values (17,4,3,'2016-04-14');
INSERT INTO eventsTbl (personId, groupId, typeId, happened) values (18,4,3,'2016-04-14');
INSERT INTO eventsTbl (personId, groupId, typeId, happened) values (19,4,3,'2016-04-14');
INSERT INTO eventsTbl (personId, groupId, typeId, happened) values (20,4,3,'2016-04-14');
INSERT INTO eventsTbl (personId, groupId, typeId, happened) values (3,1,4,'2016-04-15');
INSERT INTO eventsTbl (personId, groupId, typeId, happened) values (4,1,4,'2016-04-15');
INSERT INTO eventsTbl (personId, groupId, typeId, happened) values (5,1,4,'2016-04-15');
INSERT INTO eventsTbl (personId, groupId, typeId, happened) values (8,2,4,'2016-04-15');
INSERT INTO eventsTbl (personId, groupId, typeId, happened) values (9,2,4,'2016-04-15');
INSERT INTO eventsTbl (personId, groupId, typeId, happened) values (10,2,4,'2016-04-15');
INSERT INTO eventsTbl (personId, groupId, typeId, happened) values (14,3,4,'2016-04-15');
INSERT INTO eventsTbl (personId, groupId, typeId, happened) values (15,3,4,'2016-04-15');
INSERT INTO eventsTbl (personId, groupId, typeId, happened) values (16,3,4,'2016-04-15');
INSERT INTO eventsTbl (personId, groupId, typeId, happened) values (19,4,4,'2016-04-15');
INSERT INTO eventsTbl (personId, groupId, typeId, happened) values (20,4,4,'2016-04-15');
INSERT INTO eventsTbl (personId, groupId, typeId, happened) values (21,4,4,'2016-04-15');
INSERT INTO eventsTbl (personId, groupId, typeId, happened) values (1,1,5,'2016-04-16');
INSERT INTO eventsTbl (personId, groupId, typeId, happened) values (2,1,5,'2016-04-16');
INSERT INTO eventsTbl (personId, groupId, typeId, happened) values (6,2,5,'2016-04-16');
INSERT INTO eventsTbl (personId, groupId, typeId, happened) values (7,2,5,'2016-04-16');
INSERT INTO eventsTbl (personId, groupId, typeId, happened) values (12,3,5,'2016-04-16');
INSERT INTO eventsTbl (personId, groupId, typeId, happened) values (13,3,5,'2016-04-16');
INSERT INTO eventsTbl (personId, groupId, typeId, happened) values (17,4,5,'2016-04-16');
INSERT INTO eventsTbl (personId, groupId, typeId, happened) values (18,4,5,'2016-04-16');
INSERT INTO eventsTbl (personId, groupId, typeId, happened) values (1,1,1,'2016-04-19');
INSERT INTO eventsTbl (personId, groupId, typeId, happened) values (6,2,1,'2016-04-19');
INSERT INTO eventsTbl (personId, groupId, typeId, happened) values (12,3,1,'2016-04-19');
INSERT INTO eventsTbl (personId, groupId, typeId, happened) values (17,4,1,'2016-04-19');
INSERT INTO eventsTbl (personId, groupId, typeId, happened) values (2,1,2,'2016-04-20');
INSERT INTO eventsTbl (personId, groupId, typeId, happened) values (7,2,2,'2016-04-20');
INSERT INTO eventsTbl (personId, groupId, typeId, happened) values (13,3,2,'2016-04-20');
INSERT INTO eventsTbl (personId, groupId, typeId, happened) values (18,4,2,'2016-04-20');
INSERT INTO eventsTbl (personId, groupId, typeId, happened) values (1,1,3,'2016-04-21');
INSERT INTO eventsTbl (personId, groupId, typeId, happened) values (2,1,3,'2016-04-21');
INSERT INTO eventsTbl (personId, groupId, typeId, happened) values (3,1,3,'2016-04-21');
INSERT INTO eventsTbl (personId, groupId, typeId, happened) values (4,1,3,'2016-04-21');
INSERT INTO eventsTbl (personId, groupId, typeId, happened) values (6,2,3,'2016-04-21');
INSERT INTO eventsTbl (personId, groupId, typeId, happened) values (7,2,3,'2016-04-21');
INSERT INTO eventsTbl (personId, groupId, typeId, happened) values (8,2,3,'2016-04-21');
INSERT INTO eventsTbl (personId, groupId, typeId, happened) values (9,2,3,'2016-04-21');
INSERT INTO eventsTbl (personId, groupId, typeId, happened) values (12,3,3,'2016-04-21');
INSERT INTO eventsTbl (personId, groupId, typeId, happened) values (13,3,3,'2016-04-21');
INSERT INTO eventsTbl (personId, groupId, typeId, happened) values (14,3,3,'2016-04-21');
INSERT INTO eventsTbl (personId, groupId, typeId, happened) values (15,3,3,'2016-04-21');
INSERT INTO eventsTbl (personId, groupId, typeId, happened) values (17,4,3,'2016-04-21');
INSERT INTO eventsTbl (personId, groupId, typeId, happened) values (18,4,3,'2016-04-21');
INSERT INTO eventsTbl (personId, groupId, typeId, happened) values (19,4,3,'2016-04-21');
INSERT INTO eventsTbl (personId, groupId, typeId, happened) values (20,4,3,'2016-04-21');
INSERT INTO eventsTbl (personId, groupId, typeId, happened) values (3,1,4,'2016-04-22');
INSERT INTO eventsTbl (personId, groupId, typeId, happened) values (4,1,4,'2016-04-22');
INSERT INTO eventsTbl (personId, groupId, typeId, happened) values (5,1,4,'2016-04-22');
INSERT INTO eventsTbl (personId, groupId, typeId, happened) values (8,2,4,'2016-04-22');
INSERT INTO eventsTbl (personId, groupId, typeId, happened) values (9,2,4,'2016-04-22');
INSERT INTO eventsTbl (personId, groupId, typeId, happened) values (10,2,4,'2016-04-22');
INSERT INTO eventsTbl (personId, groupId, typeId, happened) values (14,3,4,'2016-04-22');
INSERT INTO eventsTbl (personId, groupId, typeId, happened) values (15,3,4,'2016-04-22');
INSERT INTO eventsTbl (personId, groupId, typeId, happened) values (16,3,4,'2016-04-22');
INSERT INTO eventsTbl (personId, groupId, typeId, happened) values (19,4,4,'2016-04-22');
INSERT INTO eventsTbl (personId, groupId, typeId, happened) values (20,4,4,'2016-04-22');
INSERT INTO eventsTbl (personId, groupId, typeId, happened) values (21,4,4,'2016-04-22');
INSERT INTO eventsTbl (personId, groupId, typeId, happened) values (1,1,5,'2016-04-23');
INSERT INTO eventsTbl (personId, groupId, typeId, happened) values (2,1,5,'2016-04-23');
INSERT INTO eventsTbl (personId, groupId, typeId, happened) values (6,2,5,'2016-04-23');
INSERT INTO eventsTbl (personId, groupId, typeId, happened) values (7,2,5,'2016-04-23');
INSERT INTO eventsTbl (personId, groupId, typeId, happened) values (12,3,5,'2016-04-23');
INSERT INTO eventsTbl (personId, groupId, typeId, happened) values (13,3,5,'2016-04-23');
INSERT INTO eventsTbl (personId, groupId, typeId, happened) values (17,4,5,'2016-04-23');
INSERT INTO eventsTbl (personId, groupId, typeId, happened) values (18,4,5,'2016-04-23');
INSERT INTO eventsTbl (personId, groupId, typeId, happened) values (1,1,1,'2016-04-26');
INSERT INTO eventsTbl (personId, groupId, typeId, happened) values (6,2,1,'2016-04-26');
INSERT INTO eventsTbl (personId, groupId, typeId, happened) values (12,3,1,'2016-04-26');
INSERT INTO eventsTbl (personId, groupId, typeId, happened) values (17,4,1,'2016-04-26');
INSERT INTO eventsTbl (personId, groupId, typeId, happened) values (2,1,2,'2016-04-27');
INSERT INTO eventsTbl (personId, groupId, typeId, happened) values (7,2,2,'2016-04-27');
INSERT INTO eventsTbl (personId, groupId, typeId, happened) values (13,3,2,'2016-04-27');
INSERT INTO eventsTbl (personId, groupId, typeId, happened) values (18,4,2,'2016-04-27');
INSERT INTO eventsTbl (personId, groupId, typeId, happened) values (1,1,3,'2016-04-28');
INSERT INTO eventsTbl (personId, groupId, typeId, happened) values (2,1,3,'2016-04-28');
INSERT INTO eventsTbl (personId, groupId, typeId, happened) values (3,1,3,'2016-04-28');
INSERT INTO eventsTbl (personId, groupId, typeId, happened) values (4,1,3,'2016-04-28');
INSERT INTO eventsTbl (personId, groupId, typeId, happened) values (6,2,3,'2016-04-28');
INSERT INTO eventsTbl (personId, groupId, typeId, happened) values (7,2,3,'2016-04-28');
INSERT INTO eventsTbl (personId, groupId, typeId, happened) values (8,2,3,'2016-04-28');
INSERT INTO eventsTbl (personId, groupId, typeId, happened) values (9,2,3,'2016-04-28');
INSERT INTO eventsTbl (personId, groupId, typeId, happened) values (12,3,3,'2016-04-28');
INSERT INTO eventsTbl (personId, groupId, typeId, happened) values (13,3,3,'2016-04-28');
INSERT INTO eventsTbl (personId, groupId, typeId, happened) values (14,3,3,'2016-04-28');
INSERT INTO eventsTbl (personId, groupId, typeId, happened) values (15,3,3,'2016-04-28');
INSERT INTO eventsTbl (personId, groupId, typeId, happened) values (17,4,3,'2016-04-28');
INSERT INTO eventsTbl (personId, groupId, typeId, happened) values (18,4,3,'2016-04-28');
INSERT INTO eventsTbl (personId, groupId, typeId, happened) values (19,4,3,'2016-04-28');
INSERT INTO eventsTbl (personId, groupId, typeId, happened) values (20,4,3,'2016-04-28');
INSERT INTO eventsTbl (personId, groupId, typeId, happened) values (3,1,4,'2016-04-29');
INSERT INTO eventsTbl (personId, groupId, typeId, happened) values (4,1,4,'2016-04-29');
INSERT INTO eventsTbl (personId, groupId, typeId, happened) values (5,1,4,'2016-04-29');
INSERT INTO eventsTbl (personId, groupId, typeId, happened) values (8,2,4,'2016-04-29');
INSERT INTO eventsTbl (personId, groupId, typeId, happened) values (9,2,4,'2016-04-29');
INSERT INTO eventsTbl (personId, groupId, typeId, happened) values (10,2,4,'2016-04-29');
INSERT INTO eventsTbl (personId, groupId, typeId, happened) values (14,3,4,'2016-04-29');
INSERT INTO eventsTbl (personId, groupId, typeId, happened) values (15,3,4,'2016-04-29');
INSERT INTO eventsTbl (personId, groupId, typeId, happened) values (16,3,4,'2016-04-29');
INSERT INTO eventsTbl (personId, groupId, typeId, happened) values (19,4,4,'2016-04-29');
INSERT INTO eventsTbl (personId, groupId, typeId, happened) values (20,4,4,'2016-04-29');
INSERT INTO eventsTbl (personId, groupId, typeId, happened) values (21,4,4,'2016-04-29');
INSERT INTO eventsTbl (personId, groupId, typeId, happened) values (1,1,5,'2016-04-30');
INSERT INTO eventsTbl (personId, groupId, typeId, happened) values (2,1,5,'2016-04-30');
INSERT INTO eventsTbl (personId, groupId, typeId, happened) values (6,2,5,'2016-04-30');
INSERT INTO eventsTbl (personId, groupId, typeId, happened) values (7,2,5,'2016-04-30');
INSERT INTO eventsTbl (personId, groupId, typeId, happened) values (12,3,5,'2016-04-30');
INSERT INTO eventsTbl (personId, groupId, typeId, happened) values (13,3,5,'2016-04-30');
INSERT INTO eventsTbl (personId, groupId, typeId, happened) values (17,4,5,'2016-04-30');
INSERT INTO eventsTbl (personId, groupId, typeId, happened) values (18,4,5,'2016-04-30');
INSERT INTO eventsTbl (personId, groupId, typeId, happened) values (1,1,1,'2016-05-03');
INSERT INTO eventsTbl (personId, groupId, typeId, happened) values (6,2,1,'2016-05-03');
INSERT INTO eventsTbl (personId, groupId, typeId, happened) values (12,3,1,'2016-05-03');
INSERT INTO eventsTbl (personId, groupId, typeId, happened) values (17,4,1,'2016-05-03');
INSERT INTO eventsTbl (personId, groupId, typeId, happened) values (2,1,2,'2016-05-04');
INSERT INTO eventsTbl (personId, groupId, typeId, happened) values (7,2,2,'2016-05-04');
INSERT INTO eventsTbl (personId, groupId, typeId, happened) values (13,3,2,'2016-05-04');
INSERT INTO eventsTbl (personId, groupId, typeId, happened) values (18,4,2,'2016-05-04');
INSERT INTO eventsTbl (personId, groupId, typeId, happened) values (1,1,3,'2016-05-05');
INSERT INTO eventsTbl (personId, groupId, typeId, happened) values (2,1,3,'2016-05-05');
INSERT INTO eventsTbl (personId, groupId, typeId, happened) values (3,1,3,'2016-05-05');
INSERT INTO eventsTbl (personId, groupId, typeId, happened) values (4,1,3,'2016-05-05');
INSERT INTO eventsTbl (personId, groupId, typeId, happened) values (6,2,3,'2016-05-05');
INSERT INTO eventsTbl (personId, groupId, typeId, happened) values (7,2,3,'2016-05-05');
INSERT INTO eventsTbl (personId, groupId, typeId, happened) values (8,2,3,'2016-05-05');
INSERT INTO eventsTbl (personId, groupId, typeId, happened) values (9,2,3,'2016-05-05');
INSERT INTO eventsTbl (personId, groupId, typeId, happened) values (12,3,3,'2016-05-05');
INSERT INTO eventsTbl (personId, groupId, typeId, happened) values (13,3,3,'2016-05-05');
INSERT INTO eventsTbl (personId, groupId, typeId, happened) values (14,3,3,'2016-05-05');
INSERT INTO eventsTbl (personId, groupId, typeId, happened) values (15,3,3,'2016-05-05');
INSERT INTO eventsTbl (personId, groupId, typeId, happened) values (17,4,3,'2016-05-05');
INSERT INTO eventsTbl (personId, groupId, typeId, happened) values (18,4,3,'2016-05-05');
INSERT INTO eventsTbl (personId, groupId, typeId, happened) values (19,4,3,'2016-05-05');
INSERT INTO eventsTbl (personId, groupId, typeId, happened) values (20,4,3,'2016-05-05');
INSERT INTO eventsTbl (personId, groupId, typeId, happened) values (3,1,4,'2016-05-06');
INSERT INTO eventsTbl (personId, groupId, typeId, happened) values (4,1,4,'2016-05-06');
INSERT INTO eventsTbl (personId, groupId, typeId, happened) values (5,1,4,'2016-05-06');
INSERT INTO eventsTbl (personId, groupId, typeId, happened) values (8,2,4,'2016-05-06');
INSERT INTO eventsTbl (personId, groupId, typeId, happened) values (9,2,4,'2016-05-06');
INSERT INTO eventsTbl (personId, groupId, typeId, happened) values (10,2,4,'2016-05-06');
INSERT INTO eventsTbl (personId, groupId, typeId, happened) values (14,3,4,'2016-05-06');
INSERT INTO eventsTbl (personId, groupId, typeId, happened) values (15,3,4,'2016-05-06');
INSERT INTO eventsTbl (personId, groupId, typeId, happened) values (16,3,4,'2016-05-06');
INSERT INTO eventsTbl (personId, groupId, typeId, happened) values (19,4,4,'2016-05-06');
INSERT INTO eventsTbl (personId, groupId, typeId, happened) values (20,4,4,'2016-05-06');
INSERT INTO eventsTbl (personId, groupId, typeId, happened) values (21,4,4,'2016-05-06');
INSERT INTO eventsTbl (personId, groupId, typeId, happened) values (1,1,5,'2016-05-07');
INSERT INTO eventsTbl (personId, groupId, typeId, happened) values (2,1,5,'2016-05-07');
INSERT INTO eventsTbl (personId, groupId, typeId, happened) values (6,2,5,'2016-05-07');
INSERT INTO eventsTbl (personId, groupId, typeId, happened) values (7,2,5,'2016-05-07');
INSERT INTO eventsTbl (personId, groupId, typeId, happened) values (12,3,5,'2016-05-07');
INSERT INTO eventsTbl (personId, groupId, typeId, happened) values (13,3,5,'2016-05-07');
INSERT INTO eventsTbl (personId, groupId, typeId, happened) values (17,4,5,'2016-05-07');
INSERT INTO eventsTbl (personId, groupId, typeId, happened) values (18,4,5,'2016-05-07');
INSERT INTO eventsTbl (personId, groupId, typeId, happened) values (1,1,1,'2016-05-10');
INSERT INTO eventsTbl (personId, groupId, typeId, happened) values (6,2,1,'2016-05-10');
INSERT INTO eventsTbl (personId, groupId, typeId, happened) values (12,3,1,'2016-05-10');
INSERT INTO eventsTbl (personId, groupId, typeId, happened) values (17,4,1,'2016-05-10');
INSERT INTO eventsTbl (personId, groupId, typeId, happened) values (2,1,2,'2016-05-11');
INSERT INTO eventsTbl (personId, groupId, typeId, happened) values (7,2,2,'2016-05-11');
INSERT INTO eventsTbl (personId, groupId, typeId, happened) values (13,3,2,'2016-05-11');
INSERT INTO eventsTbl (personId, groupId, typeId, happened) values (18,4,2,'2016-05-11');
INSERT INTO eventsTbl (personId, groupId, typeId, happened) values (1,1,3,'2016-05-12');
INSERT INTO eventsTbl (personId, groupId, typeId, happened) values (2,1,3,'2016-05-12');
INSERT INTO eventsTbl (personId, groupId, typeId, happened) values (3,1,3,'2016-05-12');
INSERT INTO eventsTbl (personId, groupId, typeId, happened) values (4,1,3,'2016-05-12');
INSERT INTO eventsTbl (personId, groupId, typeId, happened) values (6,2,3,'2016-05-12');
INSERT INTO eventsTbl (personId, groupId, typeId, happened) values (7,2,3,'2016-05-12');
INSERT INTO eventsTbl (personId, groupId, typeId, happened) values (8,2,3,'2016-05-12');
INSERT INTO eventsTbl (personId, groupId, typeId, happened) values (9,2,3,'2016-05-12');
INSERT INTO eventsTbl (personId, groupId, typeId, happened) values (12,3,3,'2016-05-12');
INSERT INTO eventsTbl (personId, groupId, typeId, happened) values (13,3,3,'2016-05-12');
INSERT INTO eventsTbl (personId, groupId, typeId, happened) values (14,3,3,'2016-05-12');
INSERT INTO eventsTbl (personId, groupId, typeId, happened) values (15,3,3,'2016-05-12');
INSERT INTO eventsTbl (personId, groupId, typeId, happened) values (17,4,3,'2016-05-12');
INSERT INTO eventsTbl (personId, groupId, typeId, happened) values (18,4,3,'2016-05-12');
INSERT INTO eventsTbl (personId, groupId, typeId, happened) values (19,4,3,'2016-05-12');
INSERT INTO eventsTbl (personId, groupId, typeId, happened) values (20,4,3,'2016-05-12');
INSERT INTO eventsTbl (personId, groupId, typeId, happened) values (3,1,4,'2016-05-13');
INSERT INTO eventsTbl (personId, groupId, typeId, happened) values (4,1,4,'2016-05-13');
INSERT INTO eventsTbl (personId, groupId, typeId, happened) values (5,1,4,'2016-05-13');
INSERT INTO eventsTbl (personId, groupId, typeId, happened) values (8,2,4,'2016-05-13');
INSERT INTO eventsTbl (personId, groupId, typeId, happened) values (9,2,4,'2016-05-13');
INSERT INTO eventsTbl (personId, groupId, typeId, happened) values (10,2,4,'2016-05-13');
INSERT INTO eventsTbl (personId, groupId, typeId, happened) values (14,3,4,'2016-05-13');
INSERT INTO eventsTbl (personId, groupId, typeId, happened) values (15,3,4,'2016-05-13');
INSERT INTO eventsTbl (personId, groupId, typeId, happened) values (16,3,4,'2016-05-13');
INSERT INTO eventsTbl (personId, groupId, typeId, happened) values (19,4,4,'2016-05-13');
INSERT INTO eventsTbl (personId, groupId, typeId, happened) values (20,4,4,'2016-05-13');
INSERT INTO eventsTbl (personId, groupId, typeId, happened) values (21,4,4,'2016-05-13');
INSERT INTO eventsTbl (personId, groupId, typeId, happened) values (1,1,5,'2016-05-14');
INSERT INTO eventsTbl (personId, groupId, typeId, happened) values (2,1,5,'2016-05-14');
INSERT INTO eventsTbl (personId, groupId, typeId, happened) values (6,2,5,'2016-05-14');
INSERT INTO eventsTbl (personId, groupId, typeId, happened) values (7,2,5,'2016-05-14');
INSERT INTO eventsTbl (personId, groupId, typeId, happened) values (12,3,5,'2016-05-14');
INSERT INTO eventsTbl (personId, groupId, typeId, happened) values (13,3,5,'2016-05-14');
INSERT INTO eventsTbl (personId, groupId, typeId, happened) values (17,4,5,'2016-05-14');
INSERT INTO eventsTbl (personId, groupId, typeId, happened) values (18,4,5,'2016-05-14');
INSERT INTO eventsTbl (personId, groupId, typeId, happened) values (1,1,1,'2016-05-17');
INSERT INTO eventsTbl (personId, groupId, typeId, happened) values (6,2,1,'2016-05-17');
INSERT INTO eventsTbl (personId, groupId, typeId, happened) values (12,3,1,'2016-05-17');
INSERT INTO eventsTbl (personId, groupId, typeId, happened) values (17,4,1,'2016-05-17');
INSERT INTO eventsTbl (personId, groupId, typeId, happened) values (2,1,2,'2016-05-18');
INSERT INTO eventsTbl (personId, groupId, typeId, happened) values (7,2,2,'2016-05-18');
INSERT INTO eventsTbl (personId, groupId, typeId, happened) values (13,3,2,'2016-05-18');
INSERT INTO eventsTbl (personId, groupId, typeId, happened) values (18,4,2,'2016-05-18');
INSERT INTO eventsTbl (personId, groupId, typeId, happened) values (1,1,3,'2016-05-19');
INSERT INTO eventsTbl (personId, groupId, typeId, happened) values (2,1,3,'2016-05-19');
INSERT INTO eventsTbl (personId, groupId, typeId, happened) values (3,1,3,'2016-05-19');
INSERT INTO eventsTbl (personId, groupId, typeId, happened) values (4,1,3,'2016-05-19');
INSERT INTO eventsTbl (personId, groupId, typeId, happened) values (6,2,3,'2016-05-19');
INSERT INTO eventsTbl (personId, groupId, typeId, happened) values (7,2,3,'2016-05-19');
INSERT INTO eventsTbl (personId, groupId, typeId, happened) values (8,2,3,'2016-05-19');
INSERT INTO eventsTbl (personId, groupId, typeId, happened) values (9,2,3,'2016-05-19');
INSERT INTO eventsTbl (personId, groupId, typeId, happened) values (12,3,3,'2016-05-19');
INSERT INTO eventsTbl (personId, groupId, typeId, happened) values (13,3,3,'2016-05-19');
INSERT INTO eventsTbl (personId, groupId, typeId, happened) values (14,3,3,'2016-05-19');
INSERT INTO eventsTbl (personId, groupId, typeId, happened) values (15,3,3,'2016-05-19');
INSERT INTO eventsTbl (personId, groupId, typeId, happened) values (17,4,3,'2016-05-19');
INSERT INTO eventsTbl (personId, groupId, typeId, happened) values (18,4,3,'2016-05-19');
INSERT INTO eventsTbl (personId, groupId, typeId, happened) values (19,4,3,'2016-05-19');
INSERT INTO eventsTbl (personId, groupId, typeId, happened) values (20,4,3,'2016-05-19');
INSERT INTO eventsTbl (personId, groupId, typeId, happened) values (3,1,4,'2016-05-20');
INSERT INTO eventsTbl (personId, groupId, typeId, happened) values (4,1,4,'2016-05-20');
INSERT INTO eventsTbl (personId, groupId, typeId, happened) values (5,1,4,'2016-05-20');
INSERT INTO eventsTbl (personId, groupId, typeId, happened) values (8,2,4,'2016-05-20');
INSERT INTO eventsTbl (personId, groupId, typeId, happened) values (9,2,4,'2016-05-20');
INSERT INTO eventsTbl (personId, groupId, typeId, happened) values (10,2,4,'2016-05-20');
INSERT INTO eventsTbl (personId, groupId, typeId, happened) values (14,3,4,'2016-05-20');
INSERT INTO eventsTbl (personId, groupId, typeId, happened) values (15,3,4,'2016-05-20');
INSERT INTO eventsTbl (personId, groupId, typeId, happened) values (16,3,4,'2016-05-20');
INSERT INTO eventsTbl (personId, groupId, typeId, happened) values (19,4,4,'2016-05-20');
INSERT INTO eventsTbl (personId, groupId, typeId, happened) values (20,4,4,'2016-05-20');
INSERT INTO eventsTbl (personId, groupId, typeId, happened) values (21,4,4,'2016-05-20');
INSERT INTO eventsTbl (personId, groupId, typeId, happened) values (1,1,5,'2016-05-21');
INSERT INTO eventsTbl (personId, groupId, typeId, happened) values (2,1,5,'2016-05-21');
INSERT INTO eventsTbl (personId, groupId, typeId, happened) values (6,2,5,'2016-05-21');
INSERT INTO eventsTbl (personId, groupId, typeId, happened) values (7,2,5,'2016-05-21');
INSERT INTO eventsTbl (personId, groupId, typeId, happened) values (12,3,5,'2016-05-21');
INSERT INTO eventsTbl (personId, groupId, typeId, happened) values (13,3,5,'2016-05-21');
INSERT INTO eventsTbl (personId, groupId, typeId, happened) values (17,4,5,'2016-05-21');
INSERT INTO eventsTbl (personId, groupId, typeId, happened) values (18,4,5,'2016-05-21');
INSERT INTO eventsTbl (personId, groupId, typeId, happened) values (1,1,1,'2016-05-24');
INSERT INTO eventsTbl (personId, groupId, typeId, happened) values (6,2,1,'2016-05-24');
INSERT INTO eventsTbl (personId, groupId, typeId, happened) values (12,3,1,'2016-05-24');
INSERT INTO eventsTbl (personId, groupId, typeId, happened) values (17,4,1,'2016-05-24');
INSERT INTO eventsTbl (personId, groupId, typeId, happened) values (2,1,2,'2016-05-25');
INSERT INTO eventsTbl (personId, groupId, typeId, happened) values (7,2,2,'2016-05-25');
INSERT INTO eventsTbl (personId, groupId, typeId, happened) values (13,3,2,'2016-05-25');
INSERT INTO eventsTbl (personId, groupId, typeId, happened) values (18,4,2,'2016-05-25');
INSERT INTO eventsTbl (personId, groupId, typeId, happened) values (1,1,3,'2016-05-26');
INSERT INTO eventsTbl (personId, groupId, typeId, happened) values (2,1,3,'2016-05-26');
INSERT INTO eventsTbl (personId, groupId, typeId, happened) values (3,1,3,'2016-05-26');
INSERT INTO eventsTbl (personId, groupId, typeId, happened) values (4,1,3,'2016-05-26');
INSERT INTO eventsTbl (personId, groupId, typeId, happened) values (6,2,3,'2016-05-26');
INSERT INTO eventsTbl (personId, groupId, typeId, happened) values (7,2,3,'2016-05-26');
INSERT INTO eventsTbl (personId, groupId, typeId, happened) values (8,2,3,'2016-05-26');
INSERT INTO eventsTbl (personId, groupId, typeId, happened) values (9,2,3,'2016-05-26');
INSERT INTO eventsTbl (personId, groupId, typeId, happened) values (12,3,3,'2016-05-26');
INSERT INTO eventsTbl (personId, groupId, typeId, happened) values (13,3,3,'2016-05-26');
INSERT INTO eventsTbl (personId, groupId, typeId, happened) values (14,3,3,'2016-05-26');
INSERT INTO eventsTbl (personId, groupId, typeId, happened) values (15,3,3,'2016-05-26');
INSERT INTO eventsTbl (personId, groupId, typeId, happened) values (17,4,3,'2016-05-26');
INSERT INTO eventsTbl (personId, groupId, typeId, happened) values (18,4,3,'2016-05-26');
INSERT INTO eventsTbl (personId, groupId, typeId, happened) values (19,4,3,'2016-05-26');
INSERT INTO eventsTbl (personId, groupId, typeId, happened) values (20,4,3,'2016-05-26');
INSERT INTO eventsTbl (personId, groupId, typeId, happened) values (3,1,4,'2016-05-27');
INSERT INTO eventsTbl (personId, groupId, typeId, happened) values (4,1,4,'2016-05-27');
INSERT INTO eventsTbl (personId, groupId, typeId, happened) values (5,1,4,'2016-05-27');
INSERT INTO eventsTbl (personId, groupId, typeId, happened) values (8,2,4,'2016-05-27');
INSERT INTO eventsTbl (personId, groupId, typeId, happened) values (9,2,4,'2016-05-27');
INSERT INTO eventsTbl (personId, groupId, typeId, happened) values (10,2,4,'2016-05-27');
INSERT INTO eventsTbl (personId, groupId, typeId, happened) values (14,3,4,'2016-05-27');
INSERT INTO eventsTbl (personId, groupId, typeId, happened) values (15,3,4,'2016-05-27');
INSERT INTO eventsTbl (personId, groupId, typeId, happened) values (16,3,4,'2016-05-27');
INSERT INTO eventsTbl (personId, groupId, typeId, happened) values (19,4,4,'2016-05-27');
INSERT INTO eventsTbl (personId, groupId, typeId, happened) values (20,4,4,'2016-05-27');
INSERT INTO eventsTbl (personId, groupId, typeId, happened) values (21,4,4,'2016-05-27');
INSERT INTO eventsTbl (personId, groupId, typeId, happened) values (1,1,5,'2016-05-28');
INSERT INTO eventsTbl (personId, groupId, typeId, happened) values (2,1,5,'2016-05-28');
INSERT INTO eventsTbl (personId, groupId, typeId, happened) values (6,2,5,'2016-05-28');
INSERT INTO eventsTbl (personId, groupId, typeId, happened) values (7,2,5,'2016-05-28');
INSERT INTO eventsTbl (personId, groupId, typeId, happened) values (12,3,5,'2016-05-28');
INSERT INTO eventsTbl (personId, groupId, typeId, happened) values (13,3,5,'2016-05-28');
INSERT INTO eventsTbl (personId, groupId, typeId, happened) values (17,4,5,'2016-05-28');
INSERT INTO eventsTbl (personId, groupId, typeId, happened) values (18,4,5,'2016-05-28');